PPC Index	Possible Location Combinations	My Traffic	Opponent Traffic	Total Traffic	Traffic Difference	Traffic Ratio
509	[(25.78, -80.19), (40.74, -74.0), (33.76, -84.39), (32.8, -96.82), (37.24, -121.78), (39.02, -77.46), (34.05, -118.26), (41.85, -87.62), (47.61, -122.34)]	560533.2248186505	560533.2334516514	1121066.458270302	-0.008633000892587006	1.0
508	[(40.74, -74.0), (33.76, -84.39), (32.8, -96.82), (37.24, -121.78), (39.02, -77.46), (34.05, -118.26), (41.85, -87.62), (47.61, -122.34)]	560157.0280234702	546861.6911723429	1107018.719195813	13295.33685112733	1.02
507	[(25.78, -80.19), (33.76, -84.39), (32.8, -96.82), (37.24, -121.78), (39.02, -77.46), (34.05, -118.26), (41.85, -87.62), (47.61, -122.34)]	552633.0921198642	546861.6911723429	1099494.783292207	5771.400947521324	1.01
506	[(33.76, -84.39), (32.8, -96.82), (37.24, -121.78), (39.02, -77.46), (34.05, -118.26), (41.85, -87.62), (47.61, -122.34)]	552256.8953246839	533190.1488930343	1085447.0442177183	19066.746431649546	1.04
505	[(25.78, -80.19), (40.74, -74.0), (32.8, -96.82), (37.24, -121.78), (39.02, -77.46), (34.05, -118.26), (41.85, -87.62), (47.61, -122.34)]	522537.34850543994	396474.72609994863	919012.0746053886	126062.6224054913	1.32
504	[(40.74, -74.0), (32.8, -96.82), (37.24, -121.78), (39.02, -77.46), (34.05, -118.26), (41.85, -87.62), (47.61, -122.34)]	522161.15171025967	382803.18382064	904964.3355308997	139357.96788961964	1.36
503	[(25.78, -80.19), (32.8, -96.82), (37.24, -121.78), (39.02, -77.46), (34.05, -118.26), (41.85, -87.62), (47.61, -122.34)]	514637.2158066536	382803.18382064	897440.3996272937	131834.03198601358	1.34
502	[(32.8, -96.82), (37.24, -121.78), (39.02, -77.46), (34.05, -118.26), (41.85, -87.62), (47.61, -122.34)]	514261.0190114733	369131.6415413314	883392.6605528047	145129.37747014186	1.39
501	[(25.78, -80.19), (40.74, -74.0), (33.76, -84.39), (37.24, -121.78), (39.02, -77.46), (34.05, -118.26), (41.85, -87.62), (47.61, -122.34)]	484917.66898740974	546861.6911723429	1031779.3601597527	-61944.02218493313	0.89
477	[(25.78, -80.19), (40.74, -74.0), (33.76, -84.39), (32.8, -96.82), (37.24, -121.78), (34.05, -118.26), (41.85, -87.62), (47.61, -122.34)]	484917.66898740974	546861.6911723429	1031779.3601597527	-61944.02218493313	0.89
493	[(25.78, -80.19), (40.74, -74.0), (33.76, -84.39), (32.8, -96.82), (39.02, -77.46), (34.05, -118.26), (41.85, -87.62), (47.61, -122.34)]	484917.66898740974	546861.6911723429	1031779.3601597527	-61944.02218493313	0.89
492	[(40.74, -74.0), (33.76, -84.39), (32.8, -96.82), (39.02, -77.46), (34.05, -118.26), (41.85, -87.62), (47.61, -122.34)]	484541.4721922294	533190.1488930343	1017731.6210852638	-48648.67670080491	0.91
500	[(40.74, -74.0), (33.76, -84.39), (37.24, -121.78), (39.02, -77.46), (34.05, -118.26), (41.85, -87.62), (47.61, -122.34)]	484541.4721922294	533190.1488930343	1017731.6210852638	-48648.67670080491	0.91
445	[(25.78, -80.19), (40.74, -74.0), (33.76, -84.39), (32.8, -96.82), (37.24, -121.78), (39.02, -77.46), (41.85, -87.62), (47.61, -122.34)]	484541.4721922294	396474.72609994863	881016.1982921781	88066.74609228078	1.22
476	[(40.74, -74.0), (33.76, -84.39), (32.8, -96.82), (37.24, -121.78), (34.05, -118.26), (41.85, -87.62), (47.61, -122.34)]	484541.4721922294	533190.1488930343	1017731.6210852638	-48648.67670080491	0.91
444	[(40.74, -74.0), (33.76, -84.39), (32.8, -96.82), (37.24, -121.78), (39.02, -77.46), (41.85, -87.62), (47.61, -122.34)]	484165.2753970491	382803.18382064	866968.4592176891	101362.09157640906	1.26
475	[(25.78, -80.19), (33.76, -84.39), (32.8, -96.82), (37.24, -121.78), (34.05, -118.26), (41.85, -87.62), (47.61, -122.34)]	477017.53628862335	533190.1488930343	1010207.6851816577	-56172.61260441097	0.89
499	[(25.78, -80.19), (33.76, -84.39), (37.24, -121.78), (39.02, -77.46), (34.05, -118.26), (41.85, -87.62), (47.61, -122.34)]	477017.53628862335	533190.1488930343	1010207.6851816577	-56172.61260441097	0.89
491	[(25.78, -80.19), (33.76, -84.39), (32.8, -96.82), (39.02, -77.46), (34.05, -118.26), (41.85, -87.62), (47.61, -122.34)]	477017.53628862335	533190.1488930343	1010207.6851816577	-56172.61260441097	0.89
498	[(33.76, -84.39), (37.24, -121.78), (39.02, -77.46), (34.05, -118.26), (41.85, -87.62), (47.61, -122.34)]	476641.3394934431	519518.6066137258	996159.9461071689	-42877.26712028269	0.92
474	[(33.76, -84.39), (32.8, -96.82), (37.24, -121.78), (34.05, -118.26), (41.85, -87.62), (47.61, -122.34)]	476641.3394934431	519518.6066137258	996159.9461071689	-42877.26712028269	0.92
490	[(33.76, -84.39), (32.8, -96.82), (39.02, -77.46), (34.05, -118.26), (41.85, -87.62), (47.61, -122.34)]	476641.3394934431	519518.6066137258	996159.9461071689	-42877.26712028269	0.92
443	[(25.78, -80.19), (33.76, -84.39), (32.8, -96.82), (37.24, -121.78), (39.02, -77.46), (41.85, -87.62), (47.61, -122.34)]	476641.339493443	382803.18382064	859444.523314083	93838.155672803	1.25
442	[(33.76, -84.39), (32.8, -96.82), (37.24, -121.78), (39.02, -77.46), (41.85, -87.62), (47.61, -122.34)]	476265.14269826276	369131.6415413314	845396.7842395941	107133.50115693134	1.29
381	[(25.78, -80.19), (40.74, -74.0), (33.76, -84.39), (32.8, -96.82), (37.24, -121.78), (39.02, -77.46), (34.05, -118.26), (47.61, -122.34)]	462345.8612765916	546861.6911723429	1009207.5524489344	-84515.82989575126	0.85
380	[(40.74, -74.0), (33.76, -84.39), (32.8, -96.82), (37.24, -121.78), (39.02, -77.46), (34.05, -118.26), (47.61, -122.34)]	461969.6644814113	533190.1488930343	995159.8133744455	-71220.48441162304	0.87
379	[(25.78, -80.19), (33.76, -84.39), (32.8, -96.82), (37.24, -121.78), (39.02, -77.46), (34.05, -118.26), (47.61, -122.34)]	454445.7285778052	533190.1488930343	987635.8774708395	-78744.4203152291	0.85
378	[(33.76, -84.39), (32.8, -96.82), (37.24, -121.78), (39.02, -77.46), (34.05, -118.26), (47.61, -122.34)]	454069.53178262495	519518.6066137258	973588.1383963507	-65449.07483110082	0.87
253	[(25.78, -80.19), (40.74, -74.0), (33.76, -84.39), (32.8, -96.82), (37.24, -121.78), (39.02, -77.46), (34.05, -118.26), (41.85, -87.62)]	447297.98946937954	410146.2683792571	857444.2578486367	37151.72109012242	1.09
252	[(40.74, -74.0), (33.76, -84.39), (32.8, -96.82), (37.24, -121.78), (39.02, -77.46), (34.05, -118.26), (41.85, -87.62)]	446921.7926741992	396474.7260999486	843396.5187741478	50447.06657425064	1.13
497	[(25.78, -80.19), (40.74, -74.0), (37.24, -121.78), (39.02, -77.46), (34.05, -118.26), (41.85, -87.62), (47.61, -122.34)]	446921.79267419915	382803.18382064	829724.9764948392	64118.608853559126	1.17
489	[(25.78, -80.19), (40.74, -74.0), (32.8, -96.82), (39.02, -77.46), (34.05, -118.26), (41.85, -87.62), (47.61, -122.34)]	446921.79267419915	382803.18382064	829724.9764948392	64118.608853559126	1.17
473	[(25.78, -80.19), (40.74, -74.0), (32.8, -96.82), (37.24, -121.78), (34.05, -118.26), (41.85, -87.62), (47.61, -122.34)]	446921.79267419915	382803.18382064	829724.9764948392	64118.608853559126	1.17
496	[(40.74, -74.0), (37.24, -121.78), (39.02, -77.46), (34.05, -118.26), (41.85, -87.62), (47.61, -122.34)]	446545.5958790189	369131.6415413314	815677.2374203503	77413.95433768746	1.21
472	[(40.74, -74.0), (32.8, -96.82), (37.24, -121.78), (34.05, -118.26), (41.85, -87.62), (47.61, -122.34)]	446545.5958790189	369131.6415413314	815677.2374203503	77413.95433768746	1.21
488	[(40.74, -74.0), (32.8, -96.82), (39.02, -77.46), (34.05, -118.26), (41.85, -87.62), (47.61, -122.34)]	446545.5958790189	369131.6415413314	815677.2374203503	77413.95433768746	1.21
441	[(25.78, -80.19), (40.74, -74.0), (32.8, -96.82), (37.24, -121.78), (39.02, -77.46), (41.85, -87.62), (47.61, -122.34)]	446545.59587901883	232416.2187482458	678961.8146272646	214129.37713077303	1.92
440	[(40.74, -74.0), (32.8, -96.82), (37.24, -121.78), (39.02, -77.46), (41.85, -87.62), (47.61, -122.34)]	446169.39908383857	218744.6764689372	664914.0755527758	227424.72261490137	2.04
251	[(25.78, -80.19), (33.76, -84.39), (32.8, -96.82), (37.24, -121.78), (39.02, -77.46), (34.05, -118.26), (41.85, -87.62)]	439397.85677059315	396474.7260999486	835872.5828705417	42923.130670644576	1.11
250	[(33.76, -84.39), (32.8, -96.82), (37.24, -121.78), (39.02, -77.46), (34.05, -118.26), (41.85, -87.62)]	439021.6599754129	382803.18382064	821824.843796053	56218.476154772856	1.15
471	[(25.78, -80.19), (32.8, -96.82), (37.24, -121.78), (34.05, -118.26), (41.85, -87.62), (47.61, -122.34)]	439021.6599754128	369131.6415413314	808153.3015167443	69890.0184340814	1.19
495	[(25.78, -80.19), (37.24, -121.78), (39.02, -77.46), (34.05, -118.26), (41.85, -87.62), (47.61, -122.34)]	439021.6599754128	369131.6415413314	808153.3015167443	69890.0184340814	1.19
487	[(25.78, -80.19), (32.8, -96.82), (39.02, -77.46), (34.05, -118.26), (41.85, -87.62), (47.61, -122.34)]	439021.6599754128	369131.6415413314	808153.3015167443	69890.0184340814	1.19
439	[(25.78, -80.19), (32.8, -96.82), (37.24, -121.78), (39.02, -77.46), (41.85, -87.62), (47.61, -122.34)]	438645.4631802325	218744.6764689372	657390.1396491698	219900.7867112953	2.01
470	[(32.8, -96.82), (37.24, -121.78), (34.05, -118.26), (41.85, -87.62), (47.61, -122.34)]	438645.4631802325	355460.0992620229	794105.5624422554	83185.36391820962	1.23
494	[(37.24, -121.78), (39.02, -77.46), (34.05, -118.26), (41.85, -87.62), (47.61, -122.34)]	438645.4631802325	355460.0992620229	794105.5624422554	83185.36391820962	1.23
486	[(32.8, -96.82), (39.02, -77.46), (34.05, -118.26), (41.85, -87.62), (47.61, -122.34)]	438645.4631802325	355460.0992620229	794105.5624422554	83185.36391820962	1.23
438	[(32.8, -96.82), (37.24, -121.78), (39.02, -77.46), (41.85, -87.62), (47.61, -122.34)]	438269.2663850522	205073.13418962862	643342.4005746808	233196.13219542356	2.14
377	[(25.78, -80.19), (40.74, -74.0), (32.8, -96.82), (37.24, -121.78), (39.02, -77.46), (34.05, -118.26), (47.61, -122.34)]	424349.984963381	382803.1838206401	807153.1687840212	41546.80114274094	1.11
376	[(40.74, -74.0), (32.8, -96.82), (37.24, -121.78), (39.02, -77.46), (34.05, -118.26), (47.61, -122.34)]	423973.78816820076	369131.6415413314	793105.4297095322	54842.14662686933	1.15
375	[(25.78, -80.19), (32.8, -96.82), (37.24, -121.78), (39.02, -77.46), (34.05, -118.26), (47.61, -122.34)]	416449.8522645947	369131.6415413314	785581.4938059261	47318.21072326327	1.13
374	[(32.8, -96.82), (37.24, -121.78), (39.02, -77.46), (34.05, -118.26), (47.61, -122.34)]	416073.65546941437	355460.0992620229	771533.7547314372	60613.55620739149	1.17
461	[(25.78, -80.19), (40.74, -74.0), (33.76, -84.39), (32.8, -96.82), (34.05, -118.26), (41.85, -87.62), (47.61, -122.34)]	409302.11315616895	533190.1488930343	942492.2620492033	-123888.03573686536	0.77
249	[(25.78, -80.19), (40.74, -74.0), (32.8, -96.82), (37.24, -121.78), (39.02, -77.46), (34.05, -118.26), (41.85, -87.62)]	409302.11315616895	246087.7610275543	655389.8741837232	163214.35212861464	1.66
469	[(25.78, -80.19), (40.74, -74.0), (33.76, -84.39), (37.24, -121.78), (34.05, -118.26), (41.85, -87.62), (47.61, -122.34)]	409302.11315616895	533190.1488930343	942492.2620492033	-123888.03573686536	0.77
485	[(25.78, -80.19), (40.74, -74.0), (33.76, -84.39), (39.02, -77.46), (34.05, -118.26), (41.85, -87.62), (47.61, -122.34)]	409302.11315616895	533190.1488930343	942492.2620492033	-123888.03573686536	0.77
248	[(40.74, -74.0), (32.8, -96.82), (37.24, -121.78), (39.02, -77.46), (34.05, -118.26), (41.85, -87.62)]	408925.9163609887	232416.2187482457	641342.1351092344	176509.69761274298	1.76
484	[(40.74, -74.0), (33.76, -84.39), (39.02, -77.46), (34.05, -118.26), (41.85, -87.62), (47.61, -122.34)]	408925.91636098863	519518.6066137258	928444.5229747144	-110592.69025273714	0.79
460	[(40.74, -74.0), (33.76, -84.39), (32.8, -96.82), (34.05, -118.26), (41.85, -87.62), (47.61, -122.34)]	408925.91636098863	519518.6066137258	928444.5229747144	-110592.69025273714	0.79
437	[(25.78, -80.19), (40.74, -74.0), (33.76, -84.39), (37.24, -121.78), (39.02, -77.46), (41.85, -87.62), (47.61, -122.34)]	408925.91636098863	382803.18382064	791729.1001816287	26122.732540348603	1.07
429	[(25.78, -80.19), (40.74, -74.0), (33.76, -84.39), (32.8, -96.82), (39.02, -77.46), (41.85, -87.62), (47.61, -122.34)]	408925.91636098863	382803.18382064	791729.1001816287	26122.732540348603	1.07
413	[(25.78, -80.19), (40.74, -74.0), (33.76, -84.39), (32.8, -96.82), (37.24, -121.78), (41.85, -87.62), (47.61, -122.34)]	408925.91636098863	382803.18382064	791729.1001816287	26122.732540348603	1.07
468	[(40.74, -74.0), (33.76, -84.39), (37.24, -121.78), (34.05, -118.26), (41.85, -87.62), (47.61, -122.34)]	408925.91636098863	519518.6066137258	928444.5229747144	-110592.69025273714	0.79
412	[(40.74, -74.0), (33.76, -84.39), (32.8, -96.82), (37.24, -121.78), (41.85, -87.62), (47.61, -122.34)]	408549.7195658083	369131.6415413314	777681.3611071397	39418.07802447688	1.11
436	[(40.74, -74.0), (33.76, -84.39), (37.24, -121.78), (39.02, -77.46), (41.85, -87.62), (47.61, -122.34)]	408549.7195658083	369131.6415413314	777681.3611071397	39418.07802447688	1.11
428	[(40.74, -74.0), (33.76, -84.39), (32.8, -96.82), (39.02, -77.46), (41.85, -87.62), (47.61, -122.34)]	408549.7195658083	369131.6415413314	777681.3611071397	39418.07802447688	1.11
247	[(25.78, -80.19), (32.8, -96.82), (37.24, -121.78), (39.02, -77.46), (34.05, -118.26), (41.85, -87.62)]	401401.9804573826	232416.2187482457	633818.1992056284	168985.76170913692	1.73
483	[(25.78, -80.19), (33.76, -84.39), (39.02, -77.46), (34.05, -118.26), (41.85, -87.62), (47.61, -122.34)]	401401.98045738257	519518.6066137258	920920.5870711084	-118116.6261563432	0.77
459	[(25.78, -80.19), (33.76, -84.39), (32.8, -96.82), (34.05, -118.26), (41.85, -87.62), (47.61, -122.34)]	401401.98045738257	519518.6066137258	920920.5870711084	-118116.6261563432	0.77
467	[(25.78, -80.19), (33.76, -84.39), (37.24, -121.78), (34.05, -118.26), (41.85, -87.62), (47.61, -122.34)]	401401.98045738257	519518.6066137258	920920.5870711084	-118116.6261563432	0.77
458	[(33.76, -84.39), (32.8, -96.82), (34.05, -118.26), (41.85, -87.62), (47.61, -122.34)]	401025.7836622023	505847.0643344171	906872.8479966194	-104821.28067221481	0.79
482	[(33.76, -84.39), (39.02, -77.46), (34.05, -118.26), (41.85, -87.62), (47.61, -122.34)]	401025.7836622023	505847.0643344171	906872.8479966194	-104821.28067221481	0.79
466	[(33.76, -84.39), (37.24, -121.78), (34.05, -118.26), (41.85, -87.62), (47.61, -122.34)]	401025.7836622023	505847.0643344171	906872.8479966194	-104821.28067221481	0.79
246	[(32.8, -96.82), (37.24, -121.78), (39.02, -77.46), (34.05, -118.26), (41.85, -87.62)]	401025.7836622023	218744.67646893713	619770.4601311395	182281.10719326517	1.83
411	[(25.78, -80.19), (33.76, -84.39), (32.8, -96.82), (37.24, -121.78), (41.85, -87.62), (47.61, -122.34)]	401025.78366220224	369131.6415413314	770157.4252035336	31894.14212087082	1.09
435	[(25.78, -80.19), (33.76, -84.39), (37.24, -121.78), (39.02, -77.46), (41.85, -87.62), (47.61, -122.34)]	401025.78366220224	369131.6415413314	770157.4252035336	31894.14212087082	1.09
427	[(25.78, -80.19), (33.76, -84.39), (32.8, -96.82), (39.02, -77.46), (41.85, -87.62), (47.61, -122.34)]	401025.78366220224	369131.6415413314	770157.4252035336	31894.14212087082	1.09
426	[(33.76, -84.39), (32.8, -96.82), (39.02, -77.46), (41.85, -87.62), (47.61, -122.34)]	400649.586867022	355460.0992620229	756109.6861290449	45189.4876049991	1.13
434	[(33.76, -84.39), (37.24, -121.78), (39.02, -77.46), (41.85, -87.62), (47.61, -122.34)]	400649.586867022	355460.0992620229	756109.6861290449	45189.4876049991	1.13
410	[(33.76, -84.39), (32.8, -96.82), (37.24, -121.78), (41.85, -87.62), (47.61, -122.34)]	400649.586867022	355460.0992620229	756109.6861290449	45189.4876049991	1.13
373	[(25.78, -80.19), (40.74, -74.0), (33.76, -84.39), (37.24, -121.78), (39.02, -77.46), (34.05, -118.26), (47.61, -122.34)]	386730.3054453508	533190.1488930343	919920.4543383851	-146459.8434476835	0.73
365	[(25.78, -80.19), (40.74, -74.0), (33.76, -84.39), (32.8, -96.82), (39.02, -77.46), (34.05, -118.26), (47.61, -122.34)]	386730.3054453508	533190.1488930343	919920.4543383851	-146459.8434476835	0.73
349	[(25.78, -80.19), (40.74, -74.0), (33.76, -84.39), (32.8, -96.82), (37.24, -121.78), (34.05, -118.26), (47.61, -122.34)]	386730.3054453508	533190.1488930343	919920.4543383851	-146459.8434476835	0.73
317	[(25.78, -80.19), (40.74, -74.0), (33.76, -84.39), (32.8, -96.82), (37.24, -121.78), (39.02, -77.46), (47.61, -122.34)]	386354.1086501705	382803.18382064	769157.2924708105	3550.9248295304715	1.01
372	[(40.74, -74.0), (33.76, -84.39), (37.24, -121.78), (39.02, -77.46), (34.05, -118.26), (47.61, -122.34)]	386354.1086501705	519518.6066137258	905872.7152638963	-133164.49796355527	0.74
364	[(40.74, -74.0), (33.76, -84.39), (32.8, -96.82), (39.02, -77.46), (34.05, -118.26), (47.61, -122.34)]	386354.1086501705	519518.6066137258	905872.7152638963	-133164.49796355527	0.74
348	[(40.74, -74.0), (33.76, -84.39), (32.8, -96.82), (37.24, -121.78), (34.05, -118.26), (47.61, -122.34)]	386354.1086501705	519518.6066137258	905872.7152638963	-133164.49796355527	0.74
316	[(40.74, -74.0), (33.76, -84.39), (32.8, -96.82), (37.24, -121.78), (39.02, -77.46), (47.61, -122.34)]	385977.9118549902	369131.6415413314	755109.5533963216	16846.27031365875	1.05
363	[(25.78, -80.19), (33.76, -84.39), (32.8, -96.82), (39.02, -77.46), (34.05, -118.26), (47.61, -122.34)]	378830.17274656444	519518.6066137258	898348.7793602902	-140688.43386716134	0.73
371	[(25.78, -80.19), (33.76, -84.39), (37.24, -121.78), (39.02, -77.46), (34.05, -118.26), (47.61, -122.34)]	378830.17274656444	519518.6066137258	898348.7793602902	-140688.43386716134	0.73
347	[(25.78, -80.19), (33.76, -84.39), (32.8, -96.82), (37.24, -121.78), (34.05, -118.26), (47.61, -122.34)]	378830.17274656444	519518.6066137258	898348.7793602902	-140688.43386716134	0.73
346	[(33.76, -84.39), (32.8, -96.82), (37.24, -121.78), (34.05, -118.26), (47.61, -122.34)]	378453.9759513842	505847.0643344171	884301.0402858013	-127393.08838303294	0.75
370	[(33.76, -84.39), (37.24, -121.78), (39.02, -77.46), (34.05, -118.26), (47.61, -122.34)]	378453.9759513842	505847.0643344171	884301.0402858013	-127393.08838303294	0.75
362	[(33.76, -84.39), (32.8, -96.82), (39.02, -77.46), (34.05, -118.26), (47.61, -122.34)]	378453.9759513842	505847.0643344171	884301.0402858013	-127393.08838303294	0.75
315	[(25.78, -80.19), (33.76, -84.39), (32.8, -96.82), (37.24, -121.78), (39.02, -77.46), (47.61, -122.34)]	378453.9759513841	369131.6415413314	747585.6174927156	9322.334410052688	1.03
314	[(33.76, -84.39), (32.8, -96.82), (37.24, -121.78), (39.02, -77.46), (47.61, -122.34)]	378077.77915620385	355460.0992620229	733537.8784182267	22617.67989418097	1.06
237	[(25.78, -80.19), (40.74, -74.0), (33.76, -84.39), (32.8, -96.82), (39.02, -77.46), (34.05, -118.26), (41.85, -87.62)]	371682.43363813875	396474.7260999486	768157.1597380873	-24792.29246180982	0.94
245	[(25.78, -80.19), (40.74, -74.0), (33.76, -84.39), (37.24, -121.78), (39.02, -77.46), (34.05, -118.26), (41.85, -87.62)]	371682.43363813875	396474.7260999486	768157.1597380873	-24792.29246180982	0.94
221	[(25.78, -80.19), (40.74, -74.0), (33.76, -84.39), (32.8, -96.82), (37.24, -121.78), (34.05, -118.26), (41.85, -87.62)]	371682.43363813875	396474.7260999486	768157.1597380873	-24792.29246180982	0.94
220	[(40.74, -74.0), (33.76, -84.39), (32.8, -96.82), (37.24, -121.78), (34.05, -118.26), (41.85, -87.62)]	371306.23684295843	382803.18382064	754109.4206635985	-11496.946977681597	0.97
236	[(40.74, -74.0), (33.76, -84.39), (32.8, -96.82), (39.02, -77.46), (34.05, -118.26), (41.85, -87.62)]	371306.23684295843	382803.18382064	754109.4206635985	-11496.946977681597	0.97
244	[(40.74, -74.0), (33.76, -84.39), (37.24, -121.78), (39.02, -77.46), (34.05, -118.26), (41.85, -87.62)]	371306.23684295843	382803.18382064	754109.4206635985	-11496.946977681597	0.97
189	[(25.78, -80.19), (40.74, -74.0), (33.76, -84.39), (32.8, -96.82), (37.24, -121.78), (39.02, -77.46), (41.85, -87.62)]	371306.23684295843	246087.76102755428	617393.9978705128	125218.47581540415	1.51
457	[(25.78, -80.19), (40.74, -74.0), (32.8, -96.82), (34.05, -118.26), (41.85, -87.62), (47.61, -122.34)]	371306.2368429584	369131.6415413314	740437.8783842898	2174.5953016269486	1.01
481	[(25.78, -80.19), (40.74, -74.0), (39.02, -77.46), (34.05, -118.26), (41.85, -87.62), (47.61, -122.34)]	371306.2368429584	369131.6415413314	740437.8783842898	2174.5953016269486	1.01
465	[(25.78, -80.19), (40.74, -74.0), (37.24, -121.78), (34.05, -118.26), (41.85, -87.62), (47.61, -122.34)]	371306.2368429584	369131.6415413314	740437.8783842898	2174.5953016269486	1.01
464	[(40.74, -74.0), (37.24, -121.78), (34.05, -118.26), (41.85, -87.62), (47.61, -122.34)]	370930.0400477781	355460.0992620229	726390.1393098009	15469.940785755229	1.04
188	[(40.74, -74.0), (33.76, -84.39), (32.8, -96.82), (37.24, -121.78), (39.02, -77.46), (41.85, -87.62)]	370930.0400477781	232416.2187482457	603346.2587960238	138513.8212995324	1.6
480	[(40.74, -74.0), (39.02, -77.46), (34.05, -118.26), (41.85, -87.62), (47.61, -122.34)]	370930.0400477781	355460.0992620229	726390.1393098009	15469.940785755229	1.04
456	[(40.74, -74.0), (32.8, -96.82), (34.05, -118.26), (41.85, -87.62), (47.61, -122.34)]	370930.0400477781	355460.0992620229	726390.1393098009	15469.940785755229	1.04
433	[(25.78, -80.19), (40.74, -74.0), (37.24, -121.78), (39.02, -77.46), (41.85, -87.62), (47.61, -122.34)]	370930.04004777805	218744.6764689372	589674.7165167152	152185.36357884086	1.7
425	[(25.78, -80.19), (40.74, -74.0), (32.8, -96.82), (39.02, -77.46), (41.85, -87.62), (47.61, -122.34)]	370930.04004777805	218744.6764689372	589674.7165167152	152185.36357884086	1.7
409	[(25.78, -80.19), (40.74, -74.0), (32.8, -96.82), (37.24, -121.78), (41.85, -87.62), (47.61, -122.34)]	370930.04004777805	218744.6764689372	589674.7165167152	152185.36357884086	1.7
424	[(40.74, -74.0), (32.8, -96.82), (39.02, -77.46), (41.85, -87.62), (47.61, -122.34)]	370553.8432525978	205073.13418962862	575626.9774422264	165480.70906296917	1.81
408	[(40.74, -74.0), (32.8, -96.82), (37.24, -121.78), (41.85, -87.62), (47.61, -122.34)]	370553.8432525978	205073.13418962862	575626.9774422264	165480.70906296917	1.81
432	[(40.74, -74.0), (37.24, -121.78), (39.02, -77.46), (41.85, -87.62), (47.61, -122.34)]	370553.8432525978	205073.13418962862	575626.9774422264	165480.70906296917	1.81
235	[(25.78, -80.19), (33.76, -84.39), (32.8, -96.82), (39.02, -77.46), (34.05, -118.26), (41.85, -87.62)]	363782.30093935237	382803.18382064	746585.4847599925	-19020.88288128766	0.95
219	[(25.78, -80.19), (33.76, -84.39), (32.8, -96.82), (37.24, -121.78), (34.05, -118.26), (41.85, -87.62)]	363782.30093935237	382803.18382064	746585.4847599925	-19020.88288128766	0.95
243	[(25.78, -80.19), (33.76, -84.39), (37.24, -121.78), (39.02, -77.46), (34.05, -118.26), (41.85, -87.62)]	363782.30093935237	382803.18382064	746585.4847599925	-19020.88288128766	0.95
242	[(33.76, -84.39), (37.24, -121.78), (39.02, -77.46), (34.05, -118.26), (41.85, -87.62)]	363406.1041441721	369131.6415413314	732537.7456855036	-5725.537397159322	0.98
218	[(33.76, -84.39), (32.8, -96.82), (37.24, -121.78), (34.05, -118.26), (41.85, -87.62)]	363406.1041441721	369131.6415413314	732537.7456855036	-5725.537397159322	0.98
234	[(33.76, -84.39), (32.8, -96.82), (39.02, -77.46), (34.05, -118.26), (41.85, -87.62)]	363406.1041441721	369131.6415413314	732537.7456855036	-5725.537397159322	0.98
463	[(25.78, -80.19), (37.24, -121.78), (34.05, -118.26), (41.85, -87.62), (47.61, -122.34)]	363406.10414417204	355460.0992620229	718866.2034061949	7946.0048821491655	1.02
455	[(25.78, -80.19), (32.8, -96.82), (34.05, -118.26), (41.85, -87.62), (47.61, -122.34)]	363406.10414417204	355460.0992620229	718866.2034061949	7946.0048821491655	1.02
187	[(25.78, -80.19), (33.76, -84.39), (32.8, -96.82), (37.24, -121.78), (39.02, -77.46), (41.85, -87.62)]	363406.10414417204	232416.2187482457	595822.3228924178	130989.88539592634	1.56
479	[(25.78, -80.19), (39.02, -77.46), (34.05, -118.26), (41.85, -87.62), (47.61, -122.34)]	363406.10414417204	355460.0992620229	718866.2034061949	7946.0048821491655	1.02
186	[(33.76, -84.39), (32.8, -96.82), (37.24, -121.78), (39.02, -77.46), (41.85, -87.62)]	363029.9073489918	218744.67646893713	581774.5838179289	144285.23088005465	1.66
431	[(25.78, -80.19), (37.24, -121.78), (39.02, -77.46), (41.85, -87.62), (47.61, -122.34)]	363029.9073489917	205073.13418962862	568103.0415386204	157956.7731593631	1.77
407	[(25.78, -80.19), (32.8, -96.82), (37.24, -121.78), (41.85, -87.62), (47.61, -122.34)]	363029.9073489917	205073.13418962862	568103.0415386204	157956.7731593631	1.77
454	[(32.8, -96.82), (34.05, -118.26), (41.85, -87.62), (47.61, -122.34)]	363029.9073489917	341788.55698271433	704818.464331706	21241.350366277387	1.06
423	[(25.78, -80.19), (32.8, -96.82), (39.02, -77.46), (41.85, -87.62), (47.61, -122.34)]	363029.9073489917	205073.13418962862	568103.0415386204	157956.7731593631	1.77
462	[(37.24, -121.78), (34.05, -118.26), (41.85, -87.62), (47.61, -122.34)]	363029.9073489917	341788.55698271433	704818.464331706	21241.350366277387	1.06
478	[(39.02, -77.46), (34.05, -118.26), (41.85, -87.62), (47.61, -122.34)]	363029.9073489917	341788.55698271433	704818.464331706	21241.350366277387	1.06
406	[(32.8, -96.82), (37.24, -121.78), (41.85, -87.62), (47.61, -122.34)]	362653.7105538114	191401.59191032004	554055.3024641315	171252.11864349135	1.89
430	[(37.24, -121.78), (39.02, -77.46), (41.85, -87.62), (47.61, -122.34)]	362653.7105538114	191401.59191032004	554055.3024641315	171252.11864349135	1.89
422	[(32.8, -96.82), (39.02, -77.46), (41.85, -87.62), (47.61, -122.34)]	362653.7105538114	191401.59191032004	554055.3024641315	171252.11864349135	1.89
125	[(25.78, -80.19), (40.74, -74.0), (33.76, -84.39), (32.8, -96.82), (37.24, -121.78), (39.02, -77.46), (34.05, -118.26)]	349110.6259273206	396474.7260999485	745585.3520272691	-47364.10017262789	0.88
124	[(40.74, -74.0), (33.76, -84.39), (32.8, -96.82), (37.24, -121.78), (39.02, -77.46), (34.05, -118.26)]	348734.4291321403	382803.18382063997	731537.6129527802	-34068.75468849967	0.91
361	[(25.78, -80.19), (40.74, -74.0), (32.8, -96.82), (39.02, -77.46), (34.05, -118.26), (47.61, -122.34)]	348734.42913214024	369131.6415413314	717866.0706734717	-20397.212409191183	0.94
369	[(25.78, -80.19), (40.74, -74.0), (37.24, -121.78), (39.02, -77.46), (34.05, -118.26), (47.61, -122.34)]	348734.42913214024	369131.6415413314	717866.0706734717	-20397.212409191183	0.94
345	[(25.78, -80.19), (40.74, -74.0), (32.8, -96.82), (37.24, -121.78), (34.05, -118.26), (47.61, -122.34)]	348734.42913214024	369131.6415413314	717866.0706734717	-20397.212409191183	0.94
344	[(40.74, -74.0), (32.8, -96.82), (37.24, -121.78), (34.05, -118.26), (47.61, -122.34)]	348358.23233696	355460.0992620229	703818.3315989829	-7101.866925062903	0.98
368	[(40.74, -74.0), (37.24, -121.78), (39.02, -77.46), (34.05, -118.26), (47.61, -122.34)]	348358.23233696	355460.0992620229	703818.3315989829	-7101.866925062903	0.98
360	[(40.74, -74.0), (32.8, -96.82), (39.02, -77.46), (34.05, -118.26), (47.61, -122.34)]	348358.23233696	355460.0992620229	703818.3315989829	-7101.866925062903	0.98
313	[(25.78, -80.19), (40.74, -74.0), (32.8, -96.82), (37.24, -121.78), (39.02, -77.46), (47.61, -122.34)]	348358.2323369599	218744.6764689372	567102.9088058971	129613.55586802273	1.59
312	[(40.74, -74.0), (32.8, -96.82), (37.24, -121.78), (39.02, -77.46), (47.61, -122.34)]	347982.03554177965	205073.13418962862	553055.1697314082	142908.90135215104	1.7
123	[(25.78, -80.19), (33.76, -84.39), (32.8, -96.82), (37.24, -121.78), (39.02, -77.46), (34.05, -118.26)]	341210.49322853424	382803.18382063997	724013.6770491742	-41592.69059210573	0.89
122	[(33.76, -84.39), (32.8, -96.82), (37.24, -121.78), (39.02, -77.46), (34.05, -118.26)]	340834.296433354	369131.6415413314	709965.9379746853	-28297.345107977453	0.92
359	[(25.78, -80.19), (32.8, -96.82), (39.02, -77.46), (34.05, -118.26), (47.61, -122.34)]	340834.2964333539	355460.0992620229	696294.3956953768	-14625.802828668966	0.96
343	[(25.78, -80.19), (32.8, -96.82), (37.24, -121.78), (34.05, -118.26), (47.61, -122.34)]	340834.2964333539	355460.0992620229	696294.3956953768	-14625.802828668966	0.96
367	[(25.78, -80.19), (37.24, -121.78), (39.02, -77.46), (34.05, -118.26), (47.61, -122.34)]	340834.2964333539	355460.0992620229	696294.3956953768	-14625.802828668966	0.96
366	[(37.24, -121.78), (39.02, -77.46), (34.05, -118.26), (47.61, -122.34)]	340458.0996381736	341788.55698271433	682246.6566208879	-1330.457344540744	1.0
358	[(32.8, -96.82), (39.02, -77.46), (34.05, -118.26), (47.61, -122.34)]	340458.0996381736	341788.55698271433	682246.6566208879	-1330.457344540744	1.0
342	[(32.8, -96.82), (37.24, -121.78), (34.05, -118.26), (47.61, -122.34)]	340458.0996381736	341788.55698271433	682246.6566208879	-1330.457344540744	1.0
311	[(25.78, -80.19), (32.8, -96.82), (37.24, -121.78), (39.02, -77.46), (47.61, -122.34)]	340458.0996381736	205073.13418962862	545531.2338278022	135384.96544854497	1.66
310	[(32.8, -96.82), (37.24, -121.78), (39.02, -77.46), (47.61, -122.34)]	340081.90284299327	191401.59191032004	531483.4947533133	148680.31093267322	1.78
453	[(25.78, -80.19), (40.74, -74.0), (33.76, -84.39), (34.05, -118.26), (41.85, -87.62), (47.61, -122.34)]	333686.5573249282	519518.6066137258	853205.1639386539	-185832.0492887976	0.64
233	[(25.78, -80.19), (40.74, -74.0), (32.8, -96.82), (39.02, -77.46), (34.05, -118.26), (41.85, -87.62)]	333686.5573249282	232416.2187482457	566102.7760731739	101270.33857668246	1.44
241	[(25.78, -80.19), (40.74, -74.0), (37.24, -121.78), (39.02, -77.46), (34.05, -118.26), (41.85, -87.62)]	333686.5573249282	232416.2187482457	566102.7760731739	101270.33857668246	1.44
217	[(25.78, -80.19), (40.74, -74.0), (32.8, -96.82), (37.24, -121.78), (34.05, -118.26), (41.85, -87.62)]	333686.5573249282	232416.2187482457	566102.7760731739	101270.33857668246	1.44
240	[(40.74, -74.0), (37.24, -121.78), (39.02, -77.46), (34.05, -118.26), (41.85, -87.62)]	333310.3605297479	218744.67646893713	552055.036998685	114565.68406081077	1.52
232	[(40.74, -74.0), (32.8, -96.82), (39.02, -77.46), (34.05, -118.26), (41.85, -87.62)]	333310.3605297479	218744.67646893713	552055.036998685	114565.68406081077	1.52
216	[(40.74, -74.0), (32.8, -96.82), (37.24, -121.78), (34.05, -118.26), (41.85, -87.62)]	333310.3605297479	218744.67646893713	552055.036998685	114565.68406081077	1.52
405	[(25.78, -80.19), (40.74, -74.0), (33.76, -84.39), (37.24, -121.78), (41.85, -87.62), (47.61, -122.34)]	333310.36052974785	369131.6415413314	702442.0020710793	-35821.281011583575	0.9
185	[(25.78, -80.19), (40.74, -74.0), (32.8, -96.82), (37.24, -121.78), (39.02, -77.46), (41.85, -87.62)]	333310.36052974785	82029.25367585146	415339.6142055993	251281.1068538964	4.06
452	[(40.74, -74.0), (33.76, -84.39), (34.05, -118.26), (41.85, -87.62), (47.61, -122.34)]	333310.36052974785	505847.0643344171	839157.424864165	-172536.70380466926	0.66
421	[(25.78, -80.19), (40.74, -74.0), (33.76, -84.39), (39.02, -77.46), (41.85, -87.62), (47.61, -122.34)]	333310.36052974785	369131.6415413314	702442.0020710793	-35821.281011583575	0.9
397	[(25.78, -80.19), (40.74, -74.0), (33.76, -84.39), (32.8, -96.82), (41.85, -87.62), (47.61, -122.34)]	333310.36052974785	369131.6415413314	702442.0020710793	-35821.281011583575	0.9
184	[(40.74, -74.0), (32.8, -96.82), (37.24, -121.78), (39.02, -77.46), (41.85, -87.62)]	332934.1637345676	68357.71139654289	401291.8751311105	264576.4523380247	4.87
396	[(40.74, -74.0), (33.76, -84.39), (32.8, -96.82), (41.85, -87.62), (47.61, -122.34)]	332934.1637345675	355460.0992620229	688394.2629965905	-22525.935527455353	0.94
404	[(40.74, -74.0), (33.76, -84.39), (37.24, -121.78), (41.85, -87.62), (47.61, -122.34)]	332934.1637345675	355460.0992620229	688394.2629965905	-22525.935527455353	0.94
420	[(40.74, -74.0), (33.76, -84.39), (39.02, -77.46), (41.85, -87.62), (47.61, -122.34)]	332934.1637345675	355460.0992620229	688394.2629965905	-22525.935527455353	0.94
451	[(25.78, -80.19), (33.76, -84.39), (34.05, -118.26), (41.85, -87.62), (47.61, -122.34)]	325786.42462614184	505847.0643344171	831633.488960559	-180060.63970827527	0.64
239	[(25.78, -80.19), (37.24, -121.78), (39.02, -77.46), (34.05, -118.26), (41.85, -87.62)]	325786.42462614184	218744.67646893713	544531.101095079	107041.74815720471	1.49
231	[(25.78, -80.19), (32.8, -96.82), (39.02, -77.46), (34.05, -118.26), (41.85, -87.62)]	325786.42462614184	218744.67646893713	544531.101095079	107041.74815720471	1.49
215	[(25.78, -80.19), (32.8, -96.82), (37.24, -121.78), (34.05, -118.26), (41.85, -87.62)]	325786.42462614184	218744.67646893713	544531.101095079	107041.74815720471	1.49
183	[(25.78, -80.19), (32.8, -96.82), (37.24, -121.78), (39.02, -77.46), (41.85, -87.62)]	325410.2278309615	68357.71139654289	393767.9392275044	257052.51643441862	4.76
230	[(32.8, -96.82), (39.02, -77.46), (34.05, -118.26), (41.85, -87.62)]	325410.2278309615	205073.13418962856	530483.3620205901	120337.09364133296	1.59
214	[(32.8, -96.82), (37.24, -121.78), (34.05, -118.26), (41.85, -87.62)]	325410.2278309615	205073.13418962856	530483.3620205901	120337.09364133296	1.59
395	[(25.78, -80.19), (33.76, -84.39), (32.8, -96.82), (41.85, -87.62), (47.61, -122.34)]	325410.2278309615	355460.0992620229	680870.3270929845	-30049.871431061358	0.92
419	[(25.78, -80.19), (33.76, -84.39), (39.02, -77.46), (41.85, -87.62), (47.61, -122.34)]	325410.2278309615	355460.0992620229	680870.3270929845	-30049.871431061358	0.92
450	[(33.76, -84.39), (34.05, -118.26), (41.85, -87.62), (47.61, -122.34)]	325410.2278309615	492175.52205510857	817585.7498860701	-166765.29422414704	0.66
238	[(37.24, -121.78), (39.02, -77.46), (34.05, -118.26), (41.85, -87.62)]	325410.2278309615	205073.13418962856	530483.3620205901	120337.09364133296	1.59
403	[(25.78, -80.19), (33.76, -84.39), (37.24, -121.78), (41.85, -87.62), (47.61, -122.34)]	325410.2278309615	355460.0992620229	680870.3270929845	-30049.871431061358	0.92
418	[(33.76, -84.39), (39.02, -77.46), (41.85, -87.62), (47.61, -122.34)]	325034.0310357812	341788.55698271433	666822.5880184956	-16754.525946933136	0.95
394	[(33.76, -84.39), (32.8, -96.82), (41.85, -87.62), (47.61, -122.34)]	325034.0310357812	341788.55698271433	666822.5880184956	-16754.525946933136	0.95
402	[(33.76, -84.39), (37.24, -121.78), (41.85, -87.62), (47.61, -122.34)]	325034.0310357812	341788.55698271433	666822.5880184956	-16754.525946933136	0.95
182	[(32.8, -96.82), (37.24, -121.78), (39.02, -77.46), (41.85, -87.62)]	325034.0310357812	54686.169117234305	379720.2001530155	270347.8619185469	5.94
121	[(25.78, -80.19), (40.74, -74.0), (32.8, -96.82), (37.24, -121.78), (39.02, -77.46), (34.05, -118.26)]	311114.74961411004	232416.21874824574	543530.9683623558	78698.5308658643	1.34
357	[(25.78, -80.19), (40.74, -74.0), (33.76, -84.39), (39.02, -77.46), (34.05, -118.26), (47.61, -122.34)]	311114.74961411004	519518.6066137258	830633.3562278359	-208403.85699961573	0.6
341	[(25.78, -80.19), (40.74, -74.0), (33.76, -84.39), (37.24, -121.78), (34.05, -118.26), (47.61, -122.34)]	311114.74961411004	519518.6066137258	830633.3562278359	-208403.85699961573	0.6
333	[(25.78, -80.19), (40.74, -74.0), (33.76, -84.39), (32.8, -96.82), (34.05, -118.26), (47.61, -122.34)]	311114.74961411004	519518.6066137258	830633.3562278359	-208403.85699961573	0.6
120	[(40.74, -74.0), (32.8, -96.82), (37.24, -121.78), (39.02, -77.46), (34.05, -118.26)]	310738.5528189298	218744.67646893713	529483.229287867	91993.87634999264	1.42
356	[(40.74, -74.0), (33.76, -84.39), (39.02, -77.46), (34.05, -118.26), (47.61, -122.34)]	310738.5528189297	505847.0643344171	816585.6171533468	-195108.5115154874	0.61
309	[(25.78, -80.19), (40.74, -74.0), (33.76, -84.39), (37.24, -121.78), (39.02, -77.46), (47.61, -122.34)]	310738.5528189297	369131.6415413314	679870.1943602611	-58393.088722401706	0.84
301	[(25.78, -80.19), (40.74, -74.0), (33.76, -84.39), (32.8, -96.82), (39.02, -77.46), (47.61, -122.34)]	310738.5528189297	369131.6415413314	679870.1943602611	-58393.088722401706	0.84
332	[(40.74, -74.0), (33.76, -84.39), (32.8, -96.82), (34.05, -118.26), (47.61, -122.34)]	310738.5528189297	505847.0643344171	816585.6171533468	-195108.5115154874	0.61
340	[(40.74, -74.0), (33.76, -84.39), (37.24, -121.78), (34.05, -118.26), (47.61, -122.34)]	310738.5528189297	505847.0643344171	816585.6171533468	-195108.5115154874	0.61
285	[(25.78, -80.19), (40.74, -74.0), (33.76, -84.39), (32.8, -96.82), (37.24, -121.78), (47.61, -122.34)]	310738.5528189297	369131.6415413314	679870.1943602611	-58393.088722401706	0.84
300	[(40.74, -74.0), (33.76, -84.39), (32.8, -96.82), (39.02, -77.46), (47.61, -122.34)]	310362.3560237494	355460.0992620229	665822.4552857722	-45097.743238273484	0.87
308	[(40.74, -74.0), (33.76, -84.39), (37.24, -121.78), (39.02, -77.46), (47.61, -122.34)]	310362.3560237494	355460.0992620229	665822.4552857722	-45097.743238273484	0.87
284	[(40.74, -74.0), (33.76, -84.39), (32.8, -96.82), (37.24, -121.78), (47.61, -122.34)]	310362.3560237494	355460.0992620229	665822.4552857722	-45097.743238273484	0.87
339	[(25.78, -80.19), (33.76, -84.39), (37.24, -121.78), (34.05, -118.26), (47.61, -122.34)]	303214.6169153237	505847.0643344171	809061.6812497408	-202632.4474190934	0.6
355	[(25.78, -80.19), (33.76, -84.39), (39.02, -77.46), (34.05, -118.26), (47.61, -122.34)]	303214.6169153237	505847.0643344171	809061.6812497408	-202632.4474190934	0.6
119	[(25.78, -80.19), (32.8, -96.82), (37.24, -121.78), (39.02, -77.46), (34.05, -118.26)]	303214.6169153237	218744.67646893713	521959.29338426085	84469.94044638658	1.39
331	[(25.78, -80.19), (33.76, -84.39), (32.8, -96.82), (34.05, -118.26), (47.61, -122.34)]	303214.6169153237	505847.0643344171	809061.6812497408	-202632.4474190934	0.6
299	[(25.78, -80.19), (33.76, -84.39), (32.8, -96.82), (39.02, -77.46), (47.61, -122.34)]	302838.4201201434	355460.0992620229	658298.5193821662	-52621.67914187949	0.85
338	[(33.76, -84.39), (37.24, -121.78), (34.05, -118.26), (47.61, -122.34)]	302838.4201201434	492175.52205510857	795013.9421752519	-189337.10193496518	0.62
118	[(32.8, -96.82), (37.24, -121.78), (39.02, -77.46), (34.05, -118.26)]	302838.4201201434	205073.13418962856	507911.554309772	97765.28593051483	1.48
330	[(33.76, -84.39), (32.8, -96.82), (34.05, -118.26), (47.61, -122.34)]	302838.4201201434	492175.52205510857	795013.9421752519	-189337.10193496518	0.62
307	[(25.78, -80.19), (33.76, -84.39), (37.24, -121.78), (39.02, -77.46), (47.61, -122.34)]	302838.4201201434	355460.0992620229	658298.5193821662	-52621.67914187949	0.85
354	[(33.76, -84.39), (39.02, -77.46), (34.05, -118.26), (47.61, -122.34)]	302838.4201201434	492175.52205510857	795013.9421752519	-189337.10193496518	0.62
283	[(25.78, -80.19), (33.76, -84.39), (32.8, -96.82), (37.24, -121.78), (47.61, -122.34)]	302838.4201201434	355460.0992620229	658298.5193821662	-52621.67914187949	0.85
306	[(33.76, -84.39), (37.24, -121.78), (39.02, -77.46), (47.61, -122.34)]	302462.22332496307	341788.55698271433	644250.7803076773	-39326.33365775127	0.88
298	[(33.76, -84.39), (32.8, -96.82), (39.02, -77.46), (47.61, -122.34)]	302462.22332496307	341788.55698271433	644250.7803076773	-39326.33365775127	0.88
282	[(33.76, -84.39), (32.8, -96.82), (37.24, -121.78), (47.61, -122.34)]	302462.22332496307	341788.55698271433	644250.7803076773	-39326.33365775127	0.88
229	[(25.78, -80.19), (40.74, -74.0), (33.76, -84.39), (39.02, -77.46), (34.05, -118.26), (41.85, -87.62)]	296066.877806898	382803.18382064	678870.061627538	-86736.30601374205	0.77
205	[(25.78, -80.19), (40.74, -74.0), (33.76, -84.39), (32.8, -96.82), (34.05, -118.26), (41.85, -87.62)]	296066.877806898	382803.18382064	678870.061627538	-86736.30601374205	0.77
213	[(25.78, -80.19), (40.74, -74.0), (33.76, -84.39), (37.24, -121.78), (34.05, -118.26), (41.85, -87.62)]	296066.877806898	382803.18382064	678870.061627538	-86736.30601374205	0.77
449	[(25.78, -80.19), (40.74, -74.0), (34.05, -118.26), (41.85, -87.62), (47.61, -122.34)]	295690.68101171765	355460.0992620229	651150.7802737405	-59769.41825030523	0.83
212	[(40.74, -74.0), (33.76, -84.39), (37.24, -121.78), (34.05, -118.26), (41.85, -87.62)]	295690.68101171765	369131.6415413314	664822.3225530491	-73440.96052961377	0.8
157	[(25.78, -80.19), (40.74, -74.0), (33.76, -84.39), (32.8, -96.82), (37.24, -121.78), (41.85, -87.62)]	295690.68101171765	232416.2187482457	528106.8997599634	63274.46226347194	1.27
173	[(25.78, -80.19), (40.74, -74.0), (33.76, -84.39), (32.8, -96.82), (39.02, -77.46), (41.85, -87.62)]	295690.68101171765	232416.2187482457	528106.8997599634	63274.46226347194	1.27
228	[(40.74, -74.0), (33.76, -84.39), (39.02, -77.46), (34.05, -118.26), (41.85, -87.62)]	295690.68101171765	369131.6415413314	664822.3225530491	-73440.96052961377	0.8
204	[(40.74, -74.0), (33.76, -84.39), (32.8, -96.82), (34.05, -118.26), (41.85, -87.62)]	295690.68101171765	369131.6415413314	664822.3225530491	-73440.96052961377	0.8
181	[(25.78, -80.19), (40.74, -74.0), (33.76, -84.39), (37.24, -121.78), (39.02, -77.46), (41.85, -87.62)]	295690.68101171765	232416.2187482457	528106.8997599634	63274.46226347194	1.27
401	[(25.78, -80.19), (40.74, -74.0), (37.24, -121.78), (41.85, -87.62), (47.61, -122.34)]	295314.4842165373	205073.13418962862	500387.618406166	90241.35002690871	1.44
172	[(40.74, -74.0), (33.76, -84.39), (32.8, -96.82), (39.02, -77.46), (41.85, -87.62)]	295314.4842165373	218744.67646893713	514059.16068547446	76569.80774760019	1.35
156	[(40.74, -74.0), (33.76, -84.39), (32.8, -96.82), (37.24, -121.78), (41.85, -87.62)]	295314.4842165373	218744.67646893713	514059.16068547446	76569.80774760019	1.35
180	[(40.74, -74.0), (33.76, -84.39), (37.24, -121.78), (39.02, -77.46), (41.85, -87.62)]	295314.4842165373	218744.67646893713	514059.16068547446	76569.80774760019	1.35
417	[(25.78, -80.19), (40.74, -74.0), (39.02, -77.46), (41.85, -87.62), (47.61, -122.34)]	295314.4842165373	205073.13418962862	500387.618406166	90241.35002690871	1.44
393	[(25.78, -80.19), (40.74, -74.0), (32.8, -96.82), (41.85, -87.62), (47.61, -122.34)]	295314.4842165373	205073.13418962862	500387.618406166	90241.35002690871	1.44
448	[(40.74, -74.0), (34.05, -118.26), (41.85, -87.62), (47.61, -122.34)]	295314.4842165373	341788.55698271433	637103.0411992517	-46474.07276617701	0.86
400	[(40.74, -74.0), (37.24, -121.78), (41.85, -87.62), (47.61, -122.34)]	294938.287421357	191401.59191032004	486339.87933167705	103536.69551103696	1.54
392	[(40.74, -74.0), (32.8, -96.82), (41.85, -87.62), (47.61, -122.34)]	294938.287421357	191401.59191032004	486339.87933167705	103536.69551103696	1.54
416	[(40.74, -74.0), (39.02, -77.46), (41.85, -87.62), (47.61, -122.34)]	294938.287421357	191401.59191032004	486339.87933167705	103536.69551103696	1.54
227	[(25.78, -80.19), (33.76, -84.39), (39.02, -77.46), (34.05, -118.26), (41.85, -87.62)]	288166.7451081116	369131.6415413314	657298.3866494431	-80964.89643321984	0.78
203	[(25.78, -80.19), (33.76, -84.39), (32.8, -96.82), (34.05, -118.26), (41.85, -87.62)]	288166.7451081116	369131.6415413314	657298.3866494431	-80964.89643321984	0.78
211	[(25.78, -80.19), (33.76, -84.39), (37.24, -121.78), (34.05, -118.26), (41.85, -87.62)]	288166.7451081116	369131.6415413314	657298.3866494431	-80964.89643321984	0.78
226	[(33.76, -84.39), (39.02, -77.46), (34.05, -118.26), (41.85, -87.62)]	287790.5483129313	355460.0992620228	643250.6475749542	-67669.5509490915	0.81
202	[(33.76, -84.39), (32.8, -96.82), (34.05, -118.26), (41.85, -87.62)]	287790.5483129313	355460.0992620228	643250.6475749542	-67669.5509490915	0.81
210	[(33.76, -84.39), (37.24, -121.78), (34.05, -118.26), (41.85, -87.62)]	287790.5483129313	355460.0992620228	643250.6475749542	-67669.5509490915	0.81
171	[(25.78, -80.19), (33.76, -84.39), (32.8, -96.82), (39.02, -77.46), (41.85, -87.62)]	287790.54831293126	218744.67646893713	506535.2247818684	69045.87184399413	1.32
155	[(25.78, -80.19), (33.76, -84.39), (32.8, -96.82), (37.24, -121.78), (41.85, -87.62)]	287790.54831293126	218744.67646893713	506535.2247818684	69045.87184399413	1.32
447	[(25.78, -80.19), (34.05, -118.26), (41.85, -87.62), (47.61, -122.34)]	287790.54831293126	341788.55698271433	629579.1052956455	-53998.00866978307	0.84
179	[(25.78, -80.19), (33.76, -84.39), (37.24, -121.78), (39.02, -77.46), (41.85, -87.62)]	287790.54831293126	218744.67646893713	506535.2247818684	69045.87184399413	1.32
178	[(33.76, -84.39), (37.24, -121.78), (39.02, -77.46), (41.85, -87.62)]	287414.351517751	205073.13418962856	492487.4857073795	82341.21732812244	1.4
170	[(33.76, -84.39), (32.8, -96.82), (39.02, -77.46), (41.85, -87.62)]	287414.351517751	205073.13418962856	492487.4857073795	82341.21732812244	1.4
154	[(33.76, -84.39), (32.8, -96.82), (37.24, -121.78), (41.85, -87.62)]	287414.351517751	205073.13418962856	492487.4857073795	82341.21732812244	1.4
446	[(34.05, -118.26), (41.85, -87.62), (47.61, -122.34)]	287414.351517751	328117.01470340573	615531.3662211567	-40702.66318565473	0.88
391	[(25.78, -80.19), (32.8, -96.82), (41.85, -87.62), (47.61, -122.34)]	287414.35151775094	191401.59191032004	478815.943428071	96012.7596074309	1.5
399	[(25.78, -80.19), (37.24, -121.78), (41.85, -87.62), (47.61, -122.34)]	287414.35151775094	191401.59191032004	478815.943428071	96012.7596074309	1.5
415	[(25.78, -80.19), (39.02, -77.46), (41.85, -87.62), (47.61, -122.34)]	287414.35151775094	191401.59191032004	478815.943428071	96012.7596074309	1.5
398	[(37.24, -121.78), (41.85, -87.62), (47.61, -122.34)]	287038.1547225707	177730.04963101147	464768.2043535821	109308.1050915592	1.62
414	[(39.02, -77.46), (41.85, -87.62), (47.61, -122.34)]	287038.1547225707	177730.04963101147	464768.2043535821	109308.1050915592	1.62
390	[(32.8, -96.82), (41.85, -87.62), (47.61, -122.34)]	287038.1547225707	177730.04963101147	464768.2043535821	109308.1050915592	1.62
117	[(25.78, -80.19), (40.74, -74.0), (33.76, -84.39), (37.24, -121.78), (39.02, -77.46), (34.05, -118.26)]	273495.07009607984	382803.18382063997	656298.2539167198	-109308.11372456013	0.71
109	[(25.78, -80.19), (40.74, -74.0), (33.76, -84.39), (32.8, -96.82), (39.02, -77.46), (34.05, -118.26)]	273495.07009607984	382803.18382063997	656298.2539167198	-109308.11372456013	0.71
93	[(25.78, -80.19), (40.74, -74.0), (33.76, -84.39), (32.8, -96.82), (37.24, -121.78), (34.05, -118.26)]	273495.07009607984	382803.18382063997	656298.2539167198	-109308.11372456013	0.71
116	[(40.74, -74.0), (33.76, -84.39), (37.24, -121.78), (39.02, -77.46), (34.05, -118.26)]	273118.8733008995	369131.6415413314	642250.514842231	-96012.7682404319	0.74
92	[(40.74, -74.0), (33.76, -84.39), (32.8, -96.82), (37.24, -121.78), (34.05, -118.26)]	273118.8733008995	369131.6415413314	642250.514842231	-96012.7682404319	0.74
61	[(25.78, -80.19), (40.74, -74.0), (33.76, -84.39), (32.8, -96.82), (37.24, -121.78), (39.02, -77.46)]	273118.8733008995	232416.2187482457	505535.09204914526	40702.65455265381	1.18
329	[(25.78, -80.19), (40.74, -74.0), (32.8, -96.82), (34.05, -118.26), (47.61, -122.34)]	273118.8733008995	355460.0992620229	628578.9725629224	-82341.22596112336	0.77
353	[(25.78, -80.19), (40.74, -74.0), (39.02, -77.46), (34.05, -118.26), (47.61, -122.34)]	273118.8733008995	355460.0992620229	628578.9725629224	-82341.22596112336	0.77
337	[(25.78, -80.19), (40.74, -74.0), (37.24, -121.78), (34.05, -118.26), (47.61, -122.34)]	273118.8733008995	355460.0992620229	628578.9725629224	-82341.22596112336	0.77
108	[(40.74, -74.0), (33.76, -84.39), (32.8, -96.82), (39.02, -77.46), (34.05, -118.26)]	273118.8733008995	369131.6415413314	642250.514842231	-96012.7682404319	0.74
305	[(25.78, -80.19), (40.74, -74.0), (37.24, -121.78), (39.02, -77.46), (47.61, -122.34)]	272742.6765057192	205073.13418962862	477815.81069534784	67669.54231609058	1.33
297	[(25.78, -80.19), (40.74, -74.0), (32.8, -96.82), (39.02, -77.46), (47.61, -122.34)]	272742.6765057192	205073.13418962862	477815.81069534784	67669.54231609058	1.33
328	[(40.74, -74.0), (32.8, -96.82), (34.05, -118.26), (47.61, -122.34)]	272742.6765057192	341788.55698271433	614531.2334884335	-69045.88047699514	0.8
352	[(40.74, -74.0), (39.02, -77.46), (34.05, -118.26), (47.61, -122.34)]	272742.6765057192	341788.55698271433	614531.2334884335	-69045.88047699514	0.8
336	[(40.74, -74.0), (37.24, -121.78), (34.05, -118.26), (47.61, -122.34)]	272742.6765057192	341788.55698271433	614531.2334884335	-69045.88047699514	0.8
60	[(40.74, -74.0), (33.76, -84.39), (32.8, -96.82), (37.24, -121.78), (39.02, -77.46)]	272742.6765057192	218744.67646893713	491487.3529746563	53998.00003678206	1.25
281	[(25.78, -80.19), (40.74, -74.0), (32.8, -96.82), (37.24, -121.78), (47.61, -122.34)]	272742.6765057192	205073.13418962862	477815.81069534784	67669.54231609058	1.33
304	[(40.74, -74.0), (37.24, -121.78), (39.02, -77.46), (47.61, -122.34)]	272366.4797105389	191401.59191032004	463768.0716208589	80964.88780021883	1.42
280	[(40.74, -74.0), (32.8, -96.82), (37.24, -121.78), (47.61, -122.34)]	272366.4797105389	191401.59191032004	463768.0716208589	80964.88780021883	1.42
296	[(40.74, -74.0), (32.8, -96.82), (39.02, -77.46), (47.61, -122.34)]	272366.4797105389	191401.59191032004	463768.0716208589	80964.88780021883	1.42
91	[(25.78, -80.19), (33.76, -84.39), (32.8, -96.82), (37.24, -121.78), (34.05, -118.26)]	265594.93739729346	369131.6415413314	634726.5789386248	-103536.70414403797	0.72
107	[(25.78, -80.19), (33.76, -84.39), (32.8, -96.82), (39.02, -77.46), (34.05, -118.26)]	265594.93739729346	369131.6415413314	634726.5789386248	-103536.70414403797	0.72
115	[(25.78, -80.19), (33.76, -84.39), (37.24, -121.78), (39.02, -77.46), (34.05, -118.26)]	265594.93739729346	369131.6415413314	634726.5789386248	-103536.70414403797	0.72
114	[(33.76, -84.39), (37.24, -121.78), (39.02, -77.46), (34.05, -118.26)]	265218.7406021132	355460.0992620228	620678.839864136	-90241.35865990963	0.75
90	[(33.76, -84.39), (32.8, -96.82), (37.24, -121.78), (34.05, -118.26)]	265218.7406021132	355460.0992620228	620678.839864136	-90241.35865990963	0.75
106	[(33.76, -84.39), (32.8, -96.82), (39.02, -77.46), (34.05, -118.26)]	265218.7406021132	355460.0992620228	620678.839864136	-90241.35865990963	0.75
59	[(25.78, -80.19), (33.76, -84.39), (32.8, -96.82), (37.24, -121.78), (39.02, -77.46)]	265218.74060211313	218744.67646893713	483963.41707105027	46474.064133176	1.21
351	[(25.78, -80.19), (39.02, -77.46), (34.05, -118.26), (47.61, -122.34)]	265218.74060211313	341788.55698271433	607007.2975848275	-76569.8163806012	0.78
335	[(25.78, -80.19), (37.24, -121.78), (34.05, -118.26), (47.61, -122.34)]	265218.74060211313	341788.55698271433	607007.2975848275	-76569.8163806012	0.78
327	[(25.78, -80.19), (32.8, -96.82), (34.05, -118.26), (47.61, -122.34)]	265218.74060211313	341788.55698271433	607007.2975848275	-76569.8163806012	0.78
334	[(37.24, -121.78), (34.05, -118.26), (47.61, -122.34)]	264842.54380693287	328117.01470340573	592959.5585103387	-63274.47089647286	0.81
58	[(33.76, -84.39), (32.8, -96.82), (37.24, -121.78), (39.02, -77.46)]	264842.54380693287	205073.13418962856	469915.6779965614	59769.40961730431	1.29
350	[(39.02, -77.46), (34.05, -118.26), (47.61, -122.34)]	264842.54380693287	328117.01470340573	592959.5585103387	-63274.47089647286	0.81
326	[(32.8, -96.82), (34.05, -118.26), (47.61, -122.34)]	264842.54380693287	328117.01470340573	592959.5585103387	-63274.47089647286	0.81
303	[(25.78, -80.19), (37.24, -121.78), (39.02, -77.46), (47.61, -122.34)]	264842.5438069328	191401.59191032004	456244.13571725285	73440.95189661277	1.38
295	[(25.78, -80.19), (32.8, -96.82), (39.02, -77.46), (47.61, -122.34)]	264842.5438069328	191401.59191032004	456244.13571725285	73440.95189661277	1.38
279	[(25.78, -80.19), (32.8, -96.82), (37.24, -121.78), (47.61, -122.34)]	264842.5438069328	191401.59191032004	456244.13571725285	73440.95189661277	1.38
294	[(32.8, -96.82), (39.02, -77.46), (47.61, -122.34)]	264466.34701175254	177730.04963101147	442196.396642764	86736.29738074107	1.49
302	[(37.24, -121.78), (39.02, -77.46), (47.61, -122.34)]	264466.34701175254	177730.04963101147	442196.396642764	86736.29738074107	1.49
278	[(32.8, -96.82), (37.24, -121.78), (47.61, -122.34)]	264466.34701175254	177730.04963101147	442196.396642764	86736.29738074107	1.49
209	[(25.78, -80.19), (40.74, -74.0), (37.24, -121.78), (34.05, -118.26), (41.85, -87.62)]	258071.0014936874	218744.67646893713	476815.6779626245	39326.32502475026	1.18
201	[(25.78, -80.19), (40.74, -74.0), (32.8, -96.82), (34.05, -118.26), (41.85, -87.62)]	258071.0014936874	218744.67646893713	476815.6779626245	39326.32502475026	1.18
225	[(25.78, -80.19), (40.74, -74.0), (39.02, -77.46), (34.05, -118.26), (41.85, -87.62)]	258071.0014936874	218744.67646893713	476815.6779626245	39326.32502475026	1.18
224	[(40.74, -74.0), (39.02, -77.46), (34.05, -118.26), (41.85, -87.62)]	257694.80469850713	205073.13418962856	462767.9388881357	52621.67050887857	1.26
200	[(40.74, -74.0), (32.8, -96.82), (34.05, -118.26), (41.85, -87.62)]	257694.80469850713	205073.13418962856	462767.9388881357	52621.67050887857	1.26
208	[(40.74, -74.0), (37.24, -121.78), (34.05, -118.26), (41.85, -87.62)]	257694.80469850713	205073.13418962856	462767.9388881357	52621.67050887857	1.26
169	[(25.78, -80.19), (40.74, -74.0), (32.8, -96.82), (39.02, -77.46), (41.85, -87.62)]	257694.80469850707	68357.71139654289	326052.51609504997	189337.09330196417	3.77
177	[(25.78, -80.19), (40.74, -74.0), (37.24, -121.78), (39.02, -77.46), (41.85, -87.62)]	257694.80469850707	68357.71139654289	326052.51609504997	189337.09330196417	3.77
389	[(25.78, -80.19), (40.74, -74.0), (33.76, -84.39), (41.85, -87.62), (47.61, -122.34)]	257694.80469850707	355460.0992620229	613154.90396053	-97765.29456351581	0.72
153	[(25.78, -80.19), (40.74, -74.0), (32.8, -96.82), (37.24, -121.78), (41.85, -87.62)]	257694.80469850707	68357.71139654289	326052.51609504997	189337.09330196417	3.77
176	[(40.74, -74.0), (37.24, -121.78), (39.02, -77.46), (41.85, -87.62)]	257318.6079033268	54686.169117234305	312004.7770205611	202632.4387860925	4.71
152	[(40.74, -74.0), (32.8, -96.82), (37.24, -121.78), (41.85, -87.62)]	257318.6079033268	54686.169117234305	312004.7770205611	202632.4387860925	4.71
168	[(40.74, -74.0), (32.8, -96.82), (39.02, -77.46), (41.85, -87.62)]	257318.6079033268	54686.169117234305	312004.7770205611	202632.4387860925	4.71
388	[(40.74, -74.0), (33.76, -84.39), (41.85, -87.62), (47.61, -122.34)]	257318.6079033268	341788.55698271433	599107.1648860411	-84469.94907938753	0.75
223	[(25.78, -80.19), (39.02, -77.46), (34.05, -118.26), (41.85, -87.62)]	250170.86879490106	205073.13418962856	455244.0029845296	45097.734605272504	1.22
199	[(25.78, -80.19), (32.8, -96.82), (34.05, -118.26), (41.85, -87.62)]	250170.86879490106	205073.13418962856	455244.0029845296	45097.734605272504	1.22
207	[(25.78, -80.19), (37.24, -121.78), (34.05, -118.26), (41.85, -87.62)]	250170.86879490106	205073.13418962856	455244.0029845296	45097.734605272504	1.22
198	[(32.8, -96.82), (34.05, -118.26), (41.85, -87.62)]	249794.67199972074	191401.59191031998	441196.2639100407	58393.080089400755	1.31
167	[(25.78, -80.19), (32.8, -96.82), (39.02, -77.46), (41.85, -87.62)]	249794.67199972074	54686.169117234305	304480.84111695504	195108.50288248644	4.57
387	[(25.78, -80.19), (33.76, -84.39), (41.85, -87.62), (47.61, -122.34)]	249794.67199972074	341788.55698271433	591583.2289824351	-91993.8849829936	0.73
206	[(37.24, -121.78), (34.05, -118.26), (41.85, -87.62)]	249794.67199972074	191401.59191031998	441196.2639100407	58393.080089400755	1.31
151	[(25.78, -80.19), (32.8, -96.82), (37.24, -121.78), (41.85, -87.62)]	249794.67199972074	54686.169117234305	304480.84111695504	195108.50288248644	4.57
222	[(39.02, -77.46), (34.05, -118.26), (41.85, -87.62)]	249794.67199972074	191401.59191031998	441196.2639100407	58393.080089400755	1.31
175	[(25.78, -80.19), (37.24, -121.78), (39.02, -77.46), (41.85, -87.62)]	249794.67199972074	54686.169117234305	304480.84111695504	195108.50288248644	4.57
150	[(32.8, -96.82), (37.24, -121.78), (41.85, -87.62)]	249418.47520454042	41014.62683792573	290433.10204246617	208403.8483666147	6.08
166	[(32.8, -96.82), (39.02, -77.46), (41.85, -87.62)]	249418.47520454042	41014.62683792573	290433.10204246617	208403.8483666147	6.08
174	[(37.24, -121.78), (39.02, -77.46), (41.85, -87.62)]	249418.47520454042	41014.62683792573	290433.10204246617	208403.8483666147	6.08
386	[(33.76, -84.39), (41.85, -87.62), (47.61, -122.34)]	249418.47520454042	328117.01470340573	577535.4899079462	-78698.53949886531	0.76
325	[(25.78, -80.19), (40.74, -74.0), (33.76, -84.39), (34.05, -118.26), (47.61, -122.34)]	235499.19378286926	505847.0643344171	741346.2581172864	-270347.87055154785	0.47
113	[(25.78, -80.19), (40.74, -74.0), (37.24, -121.78), (39.02, -77.46), (34.05, -118.26)]	235499.19378286926	218744.67646893713	454243.8702518064	16754.517313932127	1.08
105	[(25.78, -80.19), (40.74, -74.0), (32.8, -96.82), (39.02, -77.46), (34.05, -118.26)]	235499.19378286926	218744.67646893713	454243.8702518064	16754.517313932127	1.08
89	[(25.78, -80.19), (40.74, -74.0), (32.8, -96.82), (37.24, -121.78), (34.05, -118.26)]	235499.19378286926	218744.67646893713	454243.8702518064	16754.517313932127	1.08
324	[(40.74, -74.0), (33.76, -84.39), (34.05, -118.26), (47.61, -122.34)]	235122.996987689	492175.52205510857	727298.5190427976	-257052.52506741957	0.48
112	[(40.74, -74.0), (37.24, -121.78), (39.02, -77.46), (34.05, -118.26)]	235122.996987689	205073.13418962856	440196.1311773176	30049.862798060436	1.15
104	[(40.74, -74.0), (32.8, -96.82), (39.02, -77.46), (34.05, -118.26)]	235122.996987689	205073.13418962856	440196.1311773176	30049.862798060436	1.15
88	[(40.74, -74.0), (32.8, -96.82), (37.24, -121.78), (34.05, -118.26)]	235122.996987689	205073.13418962856	440196.1311773176	30049.862798060436	1.15
293	[(25.78, -80.19), (40.74, -74.0), (33.76, -84.39), (39.02, -77.46), (47.61, -122.34)]	235122.99698768894	355460.0992620229	590583.0962497118	-120337.10227433394	0.66
277	[(25.78, -80.19), (40.74, -74.0), (33.76, -84.39), (37.24, -121.78), (47.61, -122.34)]	235122.99698768894	355460.0992620229	590583.0962497118	-120337.10227433394	0.66
269	[(25.78, -80.19), (40.74, -74.0), (33.76, -84.39), (32.8, -96.82), (47.61, -122.34)]	235122.99698768894	355460.0992620229	590583.0962497118	-120337.10227433394	0.66
57	[(25.78, -80.19), (40.74, -74.0), (32.8, -96.82), (37.24, -121.78), (39.02, -77.46)]	235122.99698768894	68357.71139654289	303480.70838423184	166765.28559114604	3.44
56	[(40.74, -74.0), (32.8, -96.82), (37.24, -121.78), (39.02, -77.46)]	234746.80019250867	54686.169117234305	289432.96930974297	180060.63107527437	4.29
276	[(40.74, -74.0), (33.76, -84.39), (37.24, -121.78), (47.61, -122.34)]	234746.80019250867	341788.55698271433	576535.3571752231	-107041.75679020566	0.69
292	[(40.74, -74.0), (33.76, -84.39), (39.02, -77.46), (47.61, -122.34)]	234746.80019250867	341788.55698271433	576535.3571752231	-107041.75679020566	0.69
268	[(40.74, -74.0), (33.76, -84.39), (32.8, -96.82), (47.61, -122.34)]	234746.80019250867	341788.55698271433	576535.3571752231	-107041.75679020566	0.69
87	[(25.78, -80.19), (32.8, -96.82), (37.24, -121.78), (34.05, -118.26)]	227599.06108408293	205073.13418962856	432672.19527371146	22525.926894454373	1.11
103	[(25.78, -80.19), (32.8, -96.82), (39.02, -77.46), (34.05, -118.26)]	227599.06108408293	205073.13418962856	432672.19527371146	22525.926894454373	1.11
111	[(25.78, -80.19), (37.24, -121.78), (39.02, -77.46), (34.05, -118.26)]	227599.06108408293	205073.13418962856	432672.19527371146	22525.926894454373	1.11
323	[(25.78, -80.19), (33.76, -84.39), (34.05, -118.26), (47.61, -122.34)]	227599.06108408293	492175.52205510857	719774.5831391915	-264576.46097102563	0.46
291	[(25.78, -80.19), (33.76, -84.39), (39.02, -77.46), (47.61, -122.34)]	227222.8642889026	341788.55698271433	569011.421271617	-114565.69269381172	0.66
110	[(37.24, -121.78), (39.02, -77.46), (34.05, -118.26)]	227222.8642889026	191401.59191031998	418624.4561992226	35821.272378582624	1.19
275	[(25.78, -80.19), (33.76, -84.39), (37.24, -121.78), (47.61, -122.34)]	227222.8642889026	341788.55698271433	569011.421271617	-114565.69269381172	0.66
267	[(25.78, -80.19), (33.76, -84.39), (32.8, -96.82), (47.61, -122.34)]	227222.8642889026	341788.55698271433	569011.421271617	-114565.69269381172	0.66
86	[(32.8, -96.82), (37.24, -121.78), (34.05, -118.26)]	227222.8642889026	191401.59191031998	418624.4561992226	35821.272378582624	1.19
55	[(25.78, -80.19), (32.8, -96.82), (37.24, -121.78), (39.02, -77.46)]	227222.8642889026	54686.169117234305	281909.0334061369	172536.6951716683	4.16
102	[(32.8, -96.82), (39.02, -77.46), (34.05, -118.26)]	227222.8642889026	191401.59191031998	418624.4561992226	35821.272378582624	1.19
322	[(33.76, -84.39), (34.05, -118.26), (47.61, -122.34)]	227222.8642889026	478503.9797758	705726.8440647026	-251281.1154868974	0.47
266	[(33.76, -84.39), (32.8, -96.82), (47.61, -122.34)]	226846.66749372229	328117.01470340573	554963.682197128	-101270.34720968344	0.69
274	[(33.76, -84.39), (37.24, -121.78), (47.61, -122.34)]	226846.66749372229	328117.01470340573	554963.682197128	-101270.34720968344	0.69
290	[(33.76, -84.39), (39.02, -77.46), (47.61, -122.34)]	226846.66749372229	328117.01470340573	554963.682197128	-101270.34720968344	0.69
54	[(32.8, -96.82), (37.24, -121.78), (39.02, -77.46)]	226846.66749372229	41014.62683792573	267861.29433164804	185832.04065579656	5.53
197	[(25.78, -80.19), (40.74, -74.0), (33.76, -84.39), (34.05, -118.26), (41.85, -87.62)]	220451.3219756572	369131.6415413314	589582.9635169886	-148680.31956567423	0.6
141	[(25.78, -80.19), (40.74, -74.0), (33.76, -84.39), (32.8, -96.82), (41.85, -87.62)]	220075.12518047687	218744.67646893713	438819.801649414	1330.448711539735	1.01
165	[(25.78, -80.19), (40.74, -74.0), (33.76, -84.39), (39.02, -77.46), (41.85, -87.62)]	220075.12518047687	218744.67646893713	438819.801649414	1330.448711539735	1.01
149	[(25.78, -80.19), (40.74, -74.0), (33.76, -84.39), (37.24, -121.78), (41.85, -87.62)]	220075.12518047687	218744.67646893713	438819.801649414	1330.448711539735	1.01
196	[(40.74, -74.0), (33.76, -84.39), (34.05, -118.26), (41.85, -87.62)]	220075.12518047687	355460.0992620228	575535.2244424997	-135384.97408154595	0.62
148	[(40.74, -74.0), (33.76, -84.39), (37.24, -121.78), (41.85, -87.62)]	219698.92838529655	205073.13418962856	424772.06257492513	14625.794195667986	1.07
164	[(40.74, -74.0), (33.76, -84.39), (39.02, -77.46), (41.85, -87.62)]	219698.92838529655	205073.13418962856	424772.06257492513	14625.794195667986	1.07
140	[(40.74, -74.0), (33.76, -84.39), (32.8, -96.82), (41.85, -87.62)]	219698.92838529655	205073.13418962856	424772.06257492513	14625.794195667986	1.07
385	[(25.78, -80.19), (40.74, -74.0), (41.85, -87.62), (47.61, -122.34)]	219698.92838529655	191401.59191032004	411100.5202956166	28297.336474976502	1.15
384	[(40.74, -74.0), (41.85, -87.62), (47.61, -122.34)]	219322.73159011622	177730.04963101147	397052.7812211277	41592.68195910475	1.23
195	[(25.78, -80.19), (33.76, -84.39), (34.05, -118.26), (41.85, -87.62)]	212551.18927687083	355460.0992620228	568011.2885388937	-142908.909985152	0.6
194	[(33.76, -84.39), (34.05, -118.26), (41.85, -87.62)]	212174.99248169054	341788.5569827143	553963.5494644048	-129613.56450102373	0.62
147	[(25.78, -80.19), (33.76, -84.39), (37.24, -121.78), (41.85, -87.62)]	212174.9924816905	205073.13418962856	417248.12667131907	7101.858292061952	1.03
139	[(25.78, -80.19), (33.76, -84.39), (32.8, -96.82), (41.85, -87.62)]	212174.9924816905	205073.13418962856	417248.12667131907	7101.858292061952	1.03
163	[(25.78, -80.19), (33.76, -84.39), (39.02, -77.46), (41.85, -87.62)]	212174.9924816905	205073.13418962856	417248.12667131907	7101.858292061952	1.03
383	[(25.78, -80.19), (41.85, -87.62), (47.61, -122.34)]	211798.79568651022	177730.04963101147	389528.8453175217	34068.74605549875	1.19
146	[(33.76, -84.39), (37.24, -121.78), (41.85, -87.62)]	211798.79568651022	191401.59191031998	403200.3875968302	20397.203776190232	1.11
138	[(33.76, -84.39), (32.8, -96.82), (41.85, -87.62)]	211798.79568651022	191401.59191031998	403200.3875968302	20397.203776190232	1.11
162	[(33.76, -84.39), (39.02, -77.46), (41.85, -87.62)]	211798.79568651022	191401.59191031998	403200.3875968302	20397.203776190232	1.11
382	[(41.85, -87.62), (47.61, -122.34)]	211422.5988913299	164058.5073517029	375481.1062430328	47364.091539627	1.29
101	[(25.78, -80.19), (40.74, -74.0), (33.76, -84.39), (39.02, -77.46), (34.05, -118.26)]	197879.51426483906	369131.6415413314	567011.1558061705	-171252.12727649236	0.54
77	[(25.78, -80.19), (40.74, -74.0), (33.76, -84.39), (32.8, -96.82), (34.05, -118.26)]	197879.51426483906	369131.6415413314	567011.1558061705	-171252.12727649236	0.54
85	[(25.78, -80.19), (40.74, -74.0), (33.76, -84.39), (37.24, -121.78), (34.05, -118.26)]	197879.51426483906	369131.6415413314	567011.1558061705	-171252.12727649236	0.54
45	[(25.78, -80.19), (40.74, -74.0), (33.76, -84.39), (32.8, -96.82), (39.02, -77.46)]	197503.31746965874	218744.67646893713	416247.9939385959	-21241.358999278396	0.9
84	[(40.74, -74.0), (33.76, -84.39), (37.24, -121.78), (34.05, -118.26)]	197503.31746965874	355460.0992620228	552963.4167316816	-157956.78179236408	0.56
100	[(40.74, -74.0), (33.76, -84.39), (39.02, -77.46), (34.05, -118.26)]	197503.31746965874	355460.0992620228	552963.4167316816	-157956.78179236408	0.56
29	[(25.78, -80.19), (40.74, -74.0), (33.76, -84.39), (32.8, -96.82), (37.24, -121.78)]	197503.31746965874	218744.67646893713	416247.9939385959	-21241.358999278396	0.9
321	[(25.78, -80.19), (40.74, -74.0), (34.05, -118.26), (47.61, -122.34)]	197503.31746965874	341788.55698271433	539291.874452373	-144285.2395130556	0.58
53	[(25.78, -80.19), (40.74, -74.0), (33.76, -84.39), (37.24, -121.78), (39.02, -77.46)]	197503.31746965874	218744.67646893713	416247.9939385959	-21241.358999278396	0.9
76	[(40.74, -74.0), (33.76, -84.39), (32.8, -96.82), (34.05, -118.26)]	197503.31746965874	355460.0992620228	552963.4167316816	-157956.78179236408	0.56
320	[(40.74, -74.0), (34.05, -118.26), (47.61, -122.34)]	197127.1206744784	328117.01470340573	525244.1353778841	-130989.89402892732	0.6
273	[(25.78, -80.19), (40.74, -74.0), (37.24, -121.78), (47.61, -122.34)]	197127.1206744784	191401.59191032004	388528.71258479846	5725.528764158371	1.03
289	[(25.78, -80.19), (40.74, -74.0), (39.02, -77.46), (47.61, -122.34)]	197127.1206744784	191401.59191032004	388528.71258479846	5725.528764158371	1.03
265	[(25.78, -80.19), (40.74, -74.0), (32.8, -96.82), (47.61, -122.34)]	197127.1206744784	191401.59191032004	388528.71258479846	5725.528764158371	1.03
28	[(40.74, -74.0), (33.76, -84.39), (32.8, -96.82), (37.24, -121.78)]	197127.1206744784	205073.13418962856	402200.254864107	-7946.013515150145	0.96
52	[(40.74, -74.0), (33.76, -84.39), (37.24, -121.78), (39.02, -77.46)]	197127.1206744784	205073.13418962856	402200.254864107	-7946.013515150145	0.96
44	[(40.74, -74.0), (33.76, -84.39), (32.8, -96.82), (39.02, -77.46)]	197127.1206744784	205073.13418962856	402200.254864107	-7946.013515150145	0.96
264	[(40.74, -74.0), (32.8, -96.82), (47.61, -122.34)]	196750.9238792981	177730.04963101147	374480.9735103096	19020.874248286622	1.11
288	[(40.74, -74.0), (39.02, -77.46), (47.61, -122.34)]	196750.9238792981	177730.04963101147	374480.9735103096	19020.874248286622	1.11
272	[(40.74, -74.0), (37.24, -121.78), (47.61, -122.34)]	196750.9238792981	177730.04963101147	374480.9735103096	19020.874248286622	1.11
83	[(25.78, -80.19), (33.76, -84.39), (37.24, -121.78), (34.05, -118.26)]	189979.3815660527	355460.0992620228	545439.4808280756	-165480.71769597012	0.53
75	[(25.78, -80.19), (33.76, -84.39), (32.8, -96.82), (34.05, -118.26)]	189979.3815660527	355460.0992620228	545439.4808280756	-165480.71769597012	0.53
99	[(25.78, -80.19), (33.76, -84.39), (39.02, -77.46), (34.05, -118.26)]	189979.3815660527	355460.0992620228	545439.4808280756	-165480.71769597012	0.53
98	[(33.76, -84.39), (39.02, -77.46), (34.05, -118.26)]	189603.1847708724	341788.5569827142	531391.7417535866	-152185.3722118418	0.55
319	[(25.78, -80.19), (34.05, -118.26), (47.61, -122.34)]	189603.1847708724	328117.01470340573	517720.19947427814	-138513.82993253332	0.58
82	[(33.76, -84.39), (37.24, -121.78), (34.05, -118.26)]	189603.1847708724	341788.5569827142	531391.7417535866	-152185.3722118418	0.55
74	[(33.76, -84.39), (32.8, -96.82), (34.05, -118.26)]	189603.1847708724	341788.5569827142	531391.7417535866	-152185.3722118418	0.55
51	[(25.78, -80.19), (33.76, -84.39), (37.24, -121.78), (39.02, -77.46)]	189603.18477087238	205073.13418962856	394676.31896050094	-15469.94941875618	0.92
27	[(25.78, -80.19), (33.76, -84.39), (32.8, -96.82), (37.24, -121.78)]	189603.18477087238	205073.13418962856	394676.31896050094	-15469.94941875618	0.92
43	[(25.78, -80.19), (33.76, -84.39), (32.8, -96.82), (39.02, -77.46)]	189603.18477087238	205073.13418962856	394676.31896050094	-15469.94941875618	0.92
287	[(25.78, -80.19), (39.02, -77.46), (47.61, -122.34)]	189226.9879756921	177730.04963101147	366957.0376067036	11496.938344680617	1.06
263	[(25.78, -80.19), (32.8, -96.82), (47.61, -122.34)]	189226.9879756921	177730.04963101147	366957.0376067036	11496.938344680617	1.06
42	[(33.76, -84.39), (32.8, -96.82), (39.02, -77.46)]	189226.9879756921	191401.59191031998	380628.57988601207	-2174.6039346278994	0.99
26	[(33.76, -84.39), (32.8, -96.82), (37.24, -121.78)]	189226.9879756921	191401.59191031998	380628.57988601207	-2174.6039346278994	0.99
318	[(34.05, -118.26), (47.61, -122.34)]	189226.9879756921	314445.4724240971	503672.4603997892	-125218.48444840504	0.6
50	[(33.76, -84.39), (37.24, -121.78), (39.02, -77.46)]	189226.9879756921	191401.59191031998	380628.57988601207	-2174.6039346278994	0.99
271	[(25.78, -80.19), (37.24, -121.78), (47.61, -122.34)]	189226.9879756921	177730.04963101147	366957.0376067036	11496.938344680617	1.06
270	[(37.24, -121.78), (47.61, -122.34)]	188850.79118051176	164058.5073517029	352909.29853221466	24792.283828808868	1.15
262	[(32.8, -96.82), (47.61, -122.34)]	188850.79118051176	164058.5073517029	352909.29853221466	24792.283828808868	1.15
286	[(39.02, -77.46), (47.61, -122.34)]	188850.79118051176	164058.5073517029	352909.29853221466	24792.283828808868	1.15
193	[(25.78, -80.19), (40.74, -74.0), (34.05, -118.26), (41.85, -87.62)]	182455.44566244664	205073.13418962856	387528.5798520752	-22617.68852718192	0.89
192	[(40.74, -74.0), (34.05, -118.26), (41.85, -87.62)]	182079.24886726635	191401.59191031998	373480.84077758633	-9322.34304305364	0.95
137	[(25.78, -80.19), (40.74, -74.0), (32.8, -96.82), (41.85, -87.62)]	182079.24886726632	54686.169117234305	236765.41798450061	127393.07975003202	3.33
161	[(25.78, -80.19), (40.74, -74.0), (39.02, -77.46), (41.85, -87.62)]	182079.24886726632	54686.169117234305	236765.41798450061	127393.07975003202	3.33
145	[(25.78, -80.19), (40.74, -74.0), (37.24, -121.78), (41.85, -87.62)]	182079.24886726632	54686.169117234305	236765.41798450061	127393.07975003202	3.33
160	[(40.74, -74.0), (39.02, -77.46), (41.85, -87.62)]	181703.05207208602	41014.62683792573	222717.67891001175	140688.4252341603	4.43
144	[(40.74, -74.0), (37.24, -121.78), (41.85, -87.62)]	181703.05207208602	41014.62683792573	222717.67891001175	140688.4252341603	4.43
136	[(40.74, -74.0), (32.8, -96.82), (41.85, -87.62)]	181703.05207208602	41014.62683792573	222717.67891001175	140688.4252341603	4.43
191	[(25.78, -80.19), (34.05, -118.26), (41.85, -87.62)]	174555.31296366028	191401.59191031998	365956.90487398027	-16846.278946659702	0.91
190	[(34.05, -118.26), (41.85, -87.62)]	174179.11616848	177730.0496310114	351909.1657994914	-3550.9334625314223	0.98
143	[(25.78, -80.19), (37.24, -121.78), (41.85, -87.62)]	174179.11616847996	41014.62683792573	215193.74300640568	133164.48933055424	4.25
135	[(25.78, -80.19), (32.8, -96.82), (41.85, -87.62)]	174179.11616847996	41014.62683792573	215193.74300640568	133164.48933055424	4.25
159	[(25.78, -80.19), (39.02, -77.46), (41.85, -87.62)]	174179.11616847996	41014.62683792573	215193.74300640568	133164.48933055424	4.25
158	[(39.02, -77.46), (41.85, -87.62)]	173802.91937329966	27343.084558617153	201146.0039319168	146459.83481468252	6.36
134	[(32.8, -96.82), (41.85, -87.62)]	173802.91937329966	27343.084558617153	201146.0039319168	146459.83481468252	6.36
142	[(37.24, -121.78), (41.85, -87.62)]	173802.91937329966	27343.084558617153	201146.0039319168	146459.83481468252	6.36
73	[(25.78, -80.19), (40.74, -74.0), (32.8, -96.82), (34.05, -118.26)]	159883.6379516285	205073.13418962856	364956.77214125707	-45189.49623800005	0.78
81	[(25.78, -80.19), (40.74, -74.0), (37.24, -121.78), (34.05, -118.26)]	159883.6379516285	205073.13418962856	364956.77214125707	-45189.49623800005	0.78
97	[(25.78, -80.19), (40.74, -74.0), (39.02, -77.46), (34.05, -118.26)]	159883.6379516285	205073.13418962856	364956.77214125707	-45189.49623800005	0.78
72	[(40.74, -74.0), (32.8, -96.82), (34.05, -118.26)]	159507.4411564482	191401.59191031998	350909.0330667682	-31894.15075387177	0.83
80	[(40.74, -74.0), (37.24, -121.78), (34.05, -118.26)]	159507.4411564482	191401.59191031998	350909.0330667682	-31894.15075387177	0.83
96	[(40.74, -74.0), (39.02, -77.46), (34.05, -118.26)]	159507.4411564482	191401.59191031998	350909.0330667682	-31894.15075387177	0.83
49	[(25.78, -80.19), (40.74, -74.0), (37.24, -121.78), (39.02, -77.46)]	159507.44115644819	54686.169117234305	214193.61027368248	104821.27203921389	2.92
41	[(25.78, -80.19), (40.74, -74.0), (32.8, -96.82), (39.02, -77.46)]	159507.44115644819	54686.169117234305	214193.61027368248	104821.27203921389	2.92
25	[(25.78, -80.19), (40.74, -74.0), (32.8, -96.82), (37.24, -121.78)]	159507.44115644819	54686.169117234305	214193.61027368248	104821.27203921389	2.92
261	[(25.78, -80.19), (40.74, -74.0), (33.76, -84.39), (47.61, -122.34)]	159507.44115644819	341788.55698271433	501295.99813916255	-182281.11582626615	0.47
260	[(40.74, -74.0), (33.76, -84.39), (47.61, -122.34)]	159131.2443612679	328117.01470340573	487248.2590646736	-168985.77034213784	0.48
48	[(40.74, -74.0), (37.24, -121.78), (39.02, -77.46)]	159131.2443612679	41014.62683792573	200145.8711991936	118116.61752334217	3.88
40	[(40.74, -74.0), (32.8, -96.82), (39.02, -77.46)]	159131.2443612679	41014.62683792573	200145.8711991936	118116.61752334217	3.88
24	[(40.74, -74.0), (32.8, -96.82), (37.24, -121.78)]	159131.2443612679	41014.62683792573	200145.8711991936	118116.61752334217	3.88
79	[(25.78, -80.19), (37.24, -121.78), (34.05, -118.26)]	151983.50525284215	191401.59191031998	343385.09716316214	-39418.086657477834	0.79
71	[(25.78, -80.19), (32.8, -96.82), (34.05, -118.26)]	151983.50525284215	191401.59191031998	343385.09716316214	-39418.086657477834	0.79
95	[(25.78, -80.19), (39.02, -77.46), (34.05, -118.26)]	151983.50525284215	191401.59191031998	343385.09716316214	-39418.086657477834	0.79
70	[(32.8, -96.82), (34.05, -118.26)]	151607.30845766186	177730.0496310114	329337.35808867327	-26122.741173349554	0.85
94	[(39.02, -77.46), (34.05, -118.26)]	151607.30845766186	177730.0496310114	329337.35808867327	-26122.741173349554	0.85
78	[(37.24, -121.78), (34.05, -118.26)]	151607.30845766186	177730.0496310114	329337.35808867327	-26122.741173349554	0.85
23	[(25.78, -80.19), (32.8, -96.82), (37.24, -121.78)]	151607.30845766183	41014.62683792573	192621.93529558755	110592.6816197361	3.7
259	[(25.78, -80.19), (33.76, -84.39), (47.61, -122.34)]	151607.30845766183	328117.01470340573	479724.32316106756	-176509.7062457439	0.46
39	[(25.78, -80.19), (32.8, -96.82), (39.02, -77.46)]	151607.30845766183	41014.62683792573	192621.93529558755	110592.6816197361	3.7
47	[(25.78, -80.19), (37.24, -121.78), (39.02, -77.46)]	151607.30845766183	41014.62683792573	192621.93529558755	110592.6816197361	3.7
22	[(32.8, -96.82), (37.24, -121.78)]	151231.11166248153	27343.084558617153	178574.19622109868	123888.02710386438	5.53
258	[(33.76, -84.39), (47.61, -122.34)]	151231.11166248153	314445.4724240971	465676.5840865787	-163214.3607616156	0.48
38	[(32.8, -96.82), (39.02, -77.46)]	151231.11166248153	27343.084558617153	178574.19622109868	123888.02710386438	5.53
46	[(37.24, -121.78), (39.02, -77.46)]	151231.11166248153	27343.084558617153	178574.19622109868	123888.02710386438	5.53
133	[(25.78, -80.19), (40.74, -74.0), (33.76, -84.39), (41.85, -87.62)]	144459.5693492361	205073.13418962856	349532.7035388646	-60613.56484039247	0.7
132	[(40.74, -74.0), (33.76, -84.39), (41.85, -87.62)]	144083.3725540558	191401.59191031998	335484.96446437575	-47318.21935626419	0.75
131	[(25.78, -80.19), (33.76, -84.39), (41.85, -87.62)]	136559.43665044976	191401.59191031998	327961.02856076974	-54842.155259870226	0.71
130	[(33.76, -84.39), (41.85, -87.62)]	136183.23985526944	177730.0496310114	313913.2894862809	-41546.809775741975	0.77
69	[(25.78, -80.19), (40.74, -74.0), (33.76, -84.39), (34.05, -118.26)]	122263.95843359828	355460.0992620228	477724.0576956211	-233196.14082842454	0.34
68	[(40.74, -74.0), (33.76, -84.39), (34.05, -118.26)]	121887.76163841799	341788.5569827142	463676.3186211322	-219900.79534429623	0.36
13	[(25.78, -80.19), (40.74, -74.0), (33.76, -84.39), (32.8, -96.82)]	121887.76163841796	205073.13418962856	326960.8958280465	-83185.3725512106	0.59
37	[(25.78, -80.19), (40.74, -74.0), (33.76, -84.39), (39.02, -77.46)]	121887.76163841796	205073.13418962856	326960.8958280465	-83185.3725512106	0.59
21	[(25.78, -80.19), (40.74, -74.0), (33.76, -84.39), (37.24, -121.78)]	121887.76163841796	205073.13418962856	326960.8958280465	-83185.3725512106	0.59
20	[(40.74, -74.0), (33.76, -84.39), (37.24, -121.78)]	121511.56484323766	191401.59191031998	312913.1567535576	-69890.02706708232	0.63
36	[(40.74, -74.0), (33.76, -84.39), (39.02, -77.46)]	121511.56484323766	191401.59191031998	312913.1567535576	-69890.02706708232	0.63
12	[(40.74, -74.0), (33.76, -84.39), (32.8, -96.82)]	121511.56484323766	191401.59191031998	312913.1567535576	-69890.02706708232	0.63
257	[(25.78, -80.19), (40.74, -74.0), (47.61, -122.34)]	121511.56484323765	177730.04963101147	299241.61447424913	-56218.48478777382	0.68
256	[(40.74, -74.0), (47.61, -122.34)]	121135.36804805734	164058.5073517029	285193.8753997602	-42923.139303645556	0.74
67	[(25.78, -80.19), (33.76, -84.39), (34.05, -118.26)]	114363.82573481194	341788.5569827142	456152.38271752617	-227424.73124790227	0.33
66	[(33.76, -84.39), (34.05, -118.26)]	113987.62893963163	328117.0147034057	442104.6436430373	-214129.38576377404	0.35
35	[(25.78, -80.19), (33.76, -84.39), (39.02, -77.46)]	113987.62893963161	191401.59191031998	305389.2208499516	-77413.96297068837	0.6
19	[(25.78, -80.19), (33.76, -84.39), (37.24, -121.78)]	113987.62893963161	191401.59191031998	305389.2208499516	-77413.96297068837	0.6
11	[(25.78, -80.19), (33.76, -84.39), (32.8, -96.82)]	113987.62893963161	191401.59191031998	305389.2208499516	-77413.96297068837	0.6
18	[(33.76, -84.39), (37.24, -121.78)]	113611.4321444513	177730.0496310114	291341.48177546274	-64118.617486560106	0.64
255	[(25.78, -80.19), (47.61, -122.34)]	113611.4321444513	164058.5073517029	277669.9394961542	-50447.07520725159	0.69
34	[(33.76, -84.39), (39.02, -77.46)]	113611.4321444513	177730.0496310114	291341.48177546274	-64118.617486560106	0.64
10	[(33.76, -84.39), (32.8, -96.82)]	113611.4321444513	177730.0496310114	291341.48177546274	-64118.617486560106	0.64
254	[(47.61, -122.34)]	113235.235349271	150386.96507239432	263622.20042166533	-37151.729723123324	0.75
129	[(25.78, -80.19), (40.74, -74.0), (41.85, -87.62)]	106463.69303602555	41014.62683792573	147478.3198739513	65449.06619809982	2.6
128	[(40.74, -74.0), (41.85, -87.62)]	106087.49624084524	27343.084558617153	133430.5807994624	78744.41168222809	3.88
127	[(25.78, -80.19), (41.85, -87.62)]	98563.5603372392	27343.084558617153	125906.64489585636	71220.47577862206	3.6
126	[(41.85, -87.62)]	98187.3635420589	13671.542279308576	111858.90582136747	84515.82126275032	7.18
65	[(25.78, -80.19), (40.74, -74.0), (34.05, -118.26)]	84268.08212038774	191401.59191031998	275669.67403070774	-107133.50978993224	0.44
64	[(40.74, -74.0), (34.05, -118.26)]	83891.88532520743	177730.0496310114	261621.93495621884	-93838.16430580398	0.47
33	[(25.78, -80.19), (40.74, -74.0), (39.02, -77.46)]	83891.88532520742	41014.62683792573	124906.51216313316	42877.25848728169	2.05
9	[(25.78, -80.19), (40.74, -74.0), (32.8, -96.82)]	83891.88532520742	41014.62683792573	124906.51216313316	42877.25848728169	2.05
17	[(25.78, -80.19), (40.74, -74.0), (37.24, -121.78)]	83891.88532520742	41014.62683792573	124906.51216313316	42877.25848728169	2.05
16	[(40.74, -74.0), (37.24, -121.78)]	83515.68853002711	27343.084558617153	110858.77308864426	56172.60397140996	3.05
8	[(40.74, -74.0), (32.8, -96.82)]	83515.68853002711	27343.084558617153	110858.77308864426	56172.60397140996	3.05
32	[(40.74, -74.0), (39.02, -77.46)]	83515.68853002711	27343.084558617153	110858.77308864426	56172.60397140996	3.05
63	[(25.78, -80.19), (34.05, -118.26)]	76367.9494216014	177730.0496310114	254097.9990526128	-101362.10020941001	0.43
62	[(34.05, -118.26)]	75991.75262642109	164058.50735170284	240050.25997812394	-88066.75472528175	0.46
15	[(25.78, -80.19), (37.24, -121.78)]	75991.75262642108	27343.084558617153	103334.83718503822	48648.66806780393	2.78
7	[(25.78, -80.19), (32.8, -96.82)]	75991.75262642108	27343.084558617153	103334.83718503822	48648.66806780393	2.78
31	[(25.78, -80.19), (39.02, -77.46)]	75991.75262642108	27343.084558617153	103334.83718503822	48648.66806780393	2.78
14	[(37.24, -121.78)]	75615.55583124077	13671.542279308576	89287.09811054934	61944.01355193219	5.53
6	[(32.8, -96.82)]	75615.55583124077	13671.542279308576	89287.09811054934	61944.01355193219	5.53
30	[(39.02, -77.46)]	75615.55583124077	13671.542279308576	89287.09811054934	61944.01355193219	5.53
5	[(25.78, -80.19), (40.74, -74.0), (33.76, -84.39)]	46272.20580717719	191401.59191031998	237673.79771749716	-145129.3861031428	0.24
4	[(40.74, -74.0), (33.76, -84.39)]	45896.009011996895	177730.0496310114	223626.0586430083	-131834.04061901453	0.26
3	[(25.78, -80.19), (33.76, -84.39)]	38372.07310839085	177730.0496310114	216102.12273940226	-139357.97652262056	0.22
2	[(33.76, -84.39)]	37995.876313210545	164058.50735170284	202054.3836649134	-126062.63103849228	0.23
1	[(25.78, -80.19), (40.74, -74.0)]	8276.329493966648	27343.084558617153	35619.4140525838	-19066.755064650504	0.3
0	[(40.74, -74.0)]	7900.132698786347	13671.542279308576	21571.674978094925	-5771.40958052223	0.58
